[02:57:12] loaded low, high 
[02:57:12] low: 9 cell types, 23 pathways, 6 samples 
Do heatmap based on a single object 

Do heatmap based on a single object 

Do heatmap based on a single object 

Do heatmap based on a single object 

Do heatmap based on a single object 

Do heatmap based on a single object 

Comparing communications on a single object 

Comparing communications on a single object 

Comparing communications on a single object 

Do heatmap based on a single object 

Do heatmap based on a single object 

Do heatmap based on a single object 

Plot the aggregated cell-cell communication network at the signaling pathway level
Plot the aggregated cell-cell communication network at the signaling pathway level
Plot the aggregated cell-cell communication network at the signaling pathway level
Warning: Default search for "data" layer in "RNA" assay yielded no results; utilizing "counts" layer instead.
Scale for y is already present.
Adding another scale for y, which will replace the existing scale.
Warning: Default search for "data" layer in "RNA" assay yielded no results; utilizing "counts" layer instead.
Scale for y is already present.
Adding another scale for y, which will replace the existing scale.
Warning: Default search for "data" layer in "RNA" assay yielded no results; utilizing "counts" layer instead.
Scale for y is already present.
Adding another scale for y, which will replace the existing scale.
Warning: Default search for "data" layer in "RNA" assay yielded no results; utilizing "counts" layer instead.
Scale for y is already present.
Adding another scale for y, which will replace the existing scale.
Warning: Default search for "data" layer in "RNA" assay yielded no results; utilizing "counts" layer instead.
Scale for y is already present.
Adding another scale for y, which will replace the existing scale.
Warning: Default search for "data" layer in "RNA" assay yielded no results; utilizing "counts" layer instead.
Scale for y is already present.
Adding another scale for y, which will replace the existing scale.
Warning: Default search for "data" layer in "RNA" assay yielded no results; utilizing "counts" layer instead.
Scale for y is already present.
Adding another scale for y, which will replace the existing scale.
Warning: Default search for "data" layer in "RNA" assay yielded no results; utilizing "counts" layer instead.
Scale for y is already present.
Adding another scale for y, which will replace the existing scale.
Warning: Default search for "data" layer in "RNA" assay yielded no results; utilizing "counts" layer instead.
Scale for y is already present.
Adding another scale for y, which will replace the existing scale.
Warning: Default search for "data" layer in "RNA" assay yielded no results; utilizing "counts" layer instead.
Scale for y is already present.
Adding another scale for y, which will replace the existing scale.
Warning: Default search for "data" layer in "RNA" assay yielded no results; utilizing "counts" layer instead.
Scale for y is already present.
Adding another scale for y, which will replace the existing scale.
Warning: Default search for "data" layer in "RNA" assay yielded no results; utilizing "counts" layer instead.
Scale for y is already present.
Adding another scale for y, which will replace the existing scale.
Warning: Default search for "data" layer in "RNA" assay yielded no results; utilizing "counts" layer instead.
Scale for y is already present.
Adding another scale for y, which will replace the existing scale.
Warning: Default search for "data" layer in "RNA" assay yielded no results; utilizing "counts" layer instead.
Scale for y is already present.
Adding another scale for y, which will replace the existing scale.
Warning: Default search for "data" layer in "RNA" assay yielded no results; utilizing "counts" layer instead.
Scale for y is already present.
Adding another scale for y, which will replace the existing scale.
Warning: Default search for "data" layer in "RNA" assay yielded no results; utilizing "counts" layer instead.
Scale for y is already present.
Adding another scale for y, which will replace the existing scale.
Warning: Default search for "data" layer in "RNA" assay yielded no results; utilizing "counts" layer instead.
Scale for y is already present.
Adding another scale for y, which will replace the existing scale.
Warning: Default search for "data" layer in "RNA" assay yielded no results; utilizing "counts" layer instead.
Scale for y is already present.
Adding another scale for y, which will replace the existing scale.
Do heatmap based on a single object 

Do heatmap based on a single object 

Do heatmap based on a single object 

Plot the aggregated cell-cell communication network at the signaling pathway level
Plot the aggregated cell-cell communication network at the signaling pathway level
Plot the aggregated cell-cell communication network at the signaling pathway level
Warning: Default search for "data" layer in "RNA" assay yielded no results; utilizing "counts" layer instead.
Scale for y is already present.
Adding another scale for y, which will replace the existing scale.
Warning: Default search for "data" layer in "RNA" assay yielded no results; utilizing "counts" layer instead.
Scale for y is already present.
Adding another scale for y, which will replace the existing scale.
Warning: Default search for "data" layer in "RNA" assay yielded no results; utilizing "counts" layer instead.
Scale for y is already present.
Adding another scale for y, which will replace the existing scale.
Warning: Default search for "data" layer in "RNA" assay yielded no results; utilizing "counts" layer instead.
Scale for y is already present.
Adding another scale for y, which will replace the existing scale.
Warning: Default search for "data" layer in "RNA" assay yielded no results; utilizing "counts" layer instead.
Scale for y is already present.
Adding another scale for y, which will replace the existing scale.
Warning: Default search for "data" layer in "RNA" assay yielded no results; utilizing "counts" layer instead.
Scale for y is already present.
Adding another scale for y, which will replace the existing scale.
Warning: Default search for "data" layer in "RNA" assay yielded no results; utilizing "counts" layer instead.
Scale for y is already present.
Adding another scale for y, which will replace the existing scale.
Warning: Default search for "data" layer in "RNA" assay yielded no results; utilizing "counts" layer instead.
Scale for y is already present.
Adding another scale for y, which will replace the existing scale.
Warning: Default search for "data" layer in "RNA" assay yielded no results; utilizing "counts" layer instead.
Scale for y is already present.
Adding another scale for y, which will replace the existing scale.
Warning: Default search for "data" layer in "RNA" assay yielded no results; utilizing "counts" layer instead.
Scale for y is already present.
Adding another scale for y, which will replace the existing scale.
Warning: Default search for "data" layer in "RNA" assay yielded no results; utilizing "counts" layer instead.
Scale for y is already present.
Adding another scale for y, which will replace the existing scale.
Warning: Default search for "data" layer in "RNA" assay yielded no results; utilizing "counts" layer instead.
Scale for y is already present.
Adding another scale for y, which will replace the existing scale.
Do heatmap based on a single object 

Do heatmap based on a single object 

Do heatmap based on a single object 

Plot the aggregated cell-cell communication network at the signaling pathway level
Plot the aggregated cell-cell communication network at the signaling pathway level
Plot the aggregated cell-cell communication network at the signaling pathway level
Warning: Default search for "data" layer in "RNA" assay yielded no results; utilizing "counts" layer instead.
Scale for y is already present.
Adding another scale for y, which will replace the existing scale.
Warning: Default search for "data" layer in "RNA" assay yielded no results; utilizing "counts" layer instead.
Scale for y is already present.
Adding another scale for y, which will replace the existing scale.
Warning: Default search for "data" layer in "RNA" assay yielded no results; utilizing "counts" layer instead.
Scale for y is already present.
Adding another scale for y, which will replace the existing scale.
Warning: Default search for "data" layer in "RNA" assay yielded no results; utilizing "counts" layer instead.
Scale for y is already present.
Adding another scale for y, which will replace the existing scale.
Warning: Default search for "data" layer in "RNA" assay yielded no results; utilizing "counts" layer instead.
Scale for y is already present.
Adding another scale for y, which will replace the existing scale.
Warning: Default search for "data" layer in "RNA" assay yielded no results; utilizing "counts" layer instead.
Scale for y is already present.
Adding another scale for y, which will replace the existing scale.
Warning: Default search for "data" layer in "RNA" assay yielded no results; utilizing "counts" layer instead.
Scale for y is already present.
Adding another scale for y, which will replace the existing scale.
Warning: Default search for "data" layer in "RNA" assay yielded no results; utilizing "counts" layer instead.
Scale for y is already present.
Adding another scale for y, which will replace the existing scale.
Warning: Default search for "data" layer in "RNA" assay yielded no results; utilizing "counts" layer instead.
Scale for y is already present.
Adding another scale for y, which will replace the existing scale.
Warning: Default search for "data" layer in "RNA" assay yielded no results; utilizing "counts" layer instead.
Scale for y is already present.
Adding another scale for y, which will replace the existing scale.
Warning: Default search for "data" layer in "RNA" assay yielded no results; utilizing "counts" layer instead.
Scale for y is already present.
Adding another scale for y, which will replace the existing scale.
Warning: Default search for "data" layer in "RNA" assay yielded no results; utilizing "counts" layer instead.
Scale for y is already present.
Adding another scale for y, which will replace the existing scale.
Do heatmap based on a single object 

Do heatmap based on a single object 

Do heatmap based on a single object 

Plot the aggregated cell-cell communication network at the signaling pathway level
Plot the aggregated cell-cell communication network at the signaling pathway level
Plot the aggregated cell-cell communication network at the signaling pathway level
Warning: Default search for "data" layer in "RNA" assay yielded no results; utilizing "counts" layer instead.
Scale for y is already present.
Adding another scale for y, which will replace the existing scale.
Warning: Default search for "data" layer in "RNA" assay yielded no results; utilizing "counts" layer instead.
Scale for y is already present.
Adding another scale for y, which will replace the existing scale.
Warning: Default search for "data" layer in "RNA" assay yielded no results; utilizing "counts" layer instead.
Scale for y is already present.
Adding another scale for y, which will replace the existing scale.
Warning: Default search for "data" layer in "RNA" assay yielded no results; utilizing "counts" layer instead.
Scale for y is already present.
Adding another scale for y, which will replace the existing scale.
Warning: Default search for "data" layer in "RNA" assay yielded no results; utilizing "counts" layer instead.
Scale for y is already present.
Adding another scale for y, which will replace the existing scale.
Warning: Default search for "data" layer in "RNA" assay yielded no results; utilizing "counts" layer instead.
Scale for y is already present.
Adding another scale for y, which will replace the existing scale.
Warning: Default search for "data" layer in "RNA" assay yielded no results; utilizing "counts" layer instead.
Scale for y is already present.
Adding another scale for y, which will replace the existing scale.
Warning: Default search for "data" layer in "RNA" assay yielded no results; utilizing "counts" layer instead.
Scale for y is already present.
Adding another scale for y, which will replace the existing scale.
Warning: Default search for "data" layer in "RNA" assay yielded no results; utilizing "counts" layer instead.
Scale for y is already present.
Adding another scale for y, which will replace the existing scale.
Warning: Default search for "data" layer in "RNA" assay yielded no results; utilizing "counts" layer instead.
Scale for y is already present.
Adding another scale for y, which will replace the existing scale.
Warning: Default search for "data" layer in "RNA" assay yielded no results; utilizing "counts" layer instead.
Scale for y is already present.
Adding another scale for y, which will replace the existing scale.
Warning: Default search for "data" layer in "RNA" assay yielded no results; utilizing "counts" layer instead.
Scale for y is already present.
Adding another scale for y, which will replace the existing scale.
Warning: Default search for "data" layer in "RNA" assay yielded no results; utilizing "counts" layer instead.
Scale for y is already present.
Adding another scale for y, which will replace the existing scale.
Warning: Default search for "data" layer in "RNA" assay yielded no results; utilizing "counts" layer instead.
Scale for y is already present.
Adding another scale for y, which will replace the existing scale.
Warning: Default search for "data" layer in "RNA" assay yielded no results; utilizing "counts" layer instead.
Scale for y is already present.
Adding another scale for y, which will replace the existing scale.
Do heatmap based on a single object 

Do heatmap based on a single object 

Do heatmap based on a single object 

Plot the aggregated cell-cell communication network at the signaling pathway level
Plot the aggregated cell-cell communication network at the signaling pathway level
Plot the aggregated cell-cell communication network at the signaling pathway level
Warning: Default search for "data" layer in "RNA" assay yielded no results; utilizing "counts" layer instead.
Scale for y is already present.
Adding another scale for y, which will replace the existing scale.
Warning: Default search for "data" layer in "RNA" assay yielded no results; utilizing "counts" layer instead.
Scale for y is already present.
Adding another scale for y, which will replace the existing scale.
Warning: Default search for "data" layer in "RNA" assay yielded no results; utilizing "counts" layer instead.
Scale for y is already present.
Adding another scale for y, which will replace the existing scale.
Warning: Default search for "data" layer in "RNA" assay yielded no results; utilizing "counts" layer instead.
Scale for y is already present.
Adding another scale for y, which will replace the existing scale.
Warning: Default search for "data" layer in "RNA" assay yielded no results; utilizing "counts" layer instead.
Scale for y is already present.
Adding another scale for y, which will replace the existing scale.
Warning: Default search for "data" layer in "RNA" assay yielded no results; utilizing "counts" layer instead.
Scale for y is already present.
Adding another scale for y, which will replace the existing scale.
Do heatmap based on a single object 

Do heatmap based on a single object 

Do heatmap based on a single object 

Plot the aggregated cell-cell communication network at the signaling pathway level
Plot the aggregated cell-cell communication network at the signaling pathway level
Plot the aggregated cell-cell communication network at the signaling pathway level
Warning: Default search for "data" layer in "RNA" assay yielded no results; utilizing "counts" layer instead.
Scale for y is already present.
Adding another scale for y, which will replace the existing scale.
Warning: Default search for "data" layer in "RNA" assay yielded no results; utilizing "counts" layer instead.
Scale for y is already present.
Adding another scale for y, which will replace the existing scale.
Warning: Default search for "data" layer in "RNA" assay yielded no results; utilizing "counts" layer instead.
Scale for y is already present.
Adding another scale for y, which will replace the existing scale.
Warning: Default search for "data" layer in "RNA" assay yielded no results; utilizing "counts" layer instead.
Scale for y is already present.
Adding another scale for y, which will replace the existing scale.
Warning: Default search for "data" layer in "RNA" assay yielded no results; utilizing "counts" layer instead.
Scale for y is already present.
Adding another scale for y, which will replace the existing scale.
Warning: Default search for "data" layer in "RNA" assay yielded no results; utilizing "counts" layer instead.
Scale for y is already present.
Adding another scale for y, which will replace the existing scale.
Do heatmap based on a single object 

Do heatmap based on a single object 

Do heatmap based on a single object 

Plot the aggregated cell-cell communication network at the signaling pathway level
Plot the aggregated cell-cell communication network at the signaling pathway level
Plot the aggregated cell-cell communication network at the signaling pathway level
Warning: Default search for "data" layer in "RNA" assay yielded no results; utilizing "counts" layer instead.
Scale for y is already present.
Adding another scale for y, which will replace the existing scale.
Warning: Default search for "data" layer in "RNA" assay yielded no results; utilizing "counts" layer instead.
Scale for y is already present.
Adding another scale for y, which will replace the existing scale.
Warning: Default search for "data" layer in "RNA" assay yielded no results; utilizing "counts" layer instead.
Scale for y is already present.
Adding another scale for y, which will replace the existing scale.
Warning: Default search for "data" layer in "RNA" assay yielded no results; utilizing "counts" layer instead.
Scale for y is already present.
Adding another scale for y, which will replace the existing scale.
Warning: Default search for "data" layer in "RNA" assay yielded no results; utilizing "counts" layer instead.
Scale for y is already present.
Adding another scale for y, which will replace the existing scale.
Warning: Default search for "data" layer in "RNA" assay yielded no results; utilizing "counts" layer instead.
Scale for y is already present.
Adding another scale for y, which will replace the existing scale.
Warning: Default search for "data" layer in "RNA" assay yielded no results; utilizing "counts" layer instead.
Scale for y is already present.
Adding another scale for y, which will replace the existing scale.
Warning: Default search for "data" layer in "RNA" assay yielded no results; utilizing "counts" layer instead.
Scale for y is already present.
Adding another scale for y, which will replace the existing scale.
Warning: Default search for "data" layer in "RNA" assay yielded no results; utilizing "counts" layer instead.
Scale for y is already present.
Adding another scale for y, which will replace the existing scale.
Warning: Default search for "data" layer in "RNA" assay yielded no results; utilizing "counts" layer instead.
Scale for y is already present.
Adding another scale for y, which will replace the existing scale.
Warning: Default search for "data" layer in "RNA" assay yielded no results; utilizing "counts" layer instead.
Scale for y is already present.
Adding another scale for y, which will replace the existing scale.
Warning: Default search for "data" layer in "RNA" assay yielded no results; utilizing "counts" layer instead.
Scale for y is already present.
Adding another scale for y, which will replace the existing scale.
Do heatmap based on a single object 

Do heatmap based on a single object 

Do heatmap based on a single object 

Plot the aggregated cell-cell communication network at the signaling pathway level
Plot the aggregated cell-cell communication network at the signaling pathway level
Plot the aggregated cell-cell communication network at the signaling pathway level
Warning: Default search for "data" layer in "RNA" assay yielded no results; utilizing "counts" layer instead.
Scale for y is already present.
Adding another scale for y, which will replace the existing scale.
Warning: Default search for "data" layer in "RNA" assay yielded no results; utilizing "counts" layer instead.
Scale for y is already present.
Adding another scale for y, which will replace the existing scale.
Warning: Default search for "data" layer in "RNA" assay yielded no results; utilizing "counts" layer instead.
Scale for y is already present.
Adding another scale for y, which will replace the existing scale.
Warning: Default search for "data" layer in "RNA" assay yielded no results; utilizing "counts" layer instead.
Scale for y is already present.
Adding another scale for y, which will replace the existing scale.
Warning: Default search for "data" layer in "RNA" assay yielded no results; utilizing "counts" layer instead.
Scale for y is already present.
Adding another scale for y, which will replace the existing scale.
Warning: Default search for "data" layer in "RNA" assay yielded no results; utilizing "counts" layer instead.
Scale for y is already present.
Adding another scale for y, which will replace the existing scale.
Do heatmap based on a single object 

Do heatmap based on a single object 

Do heatmap based on a single object 

Plot the aggregated cell-cell communication network at the signaling pathway level
Plot the aggregated cell-cell communication network at the signaling pathway level
Plot the aggregated cell-cell communication network at the signaling pathway level
Warning: Default search for "data" layer in "RNA" assay yielded no results; utilizing "counts" layer instead.
Scale for y is already present.
Adding another scale for y, which will replace the existing scale.
Warning: Default search for "data" layer in "RNA" assay yielded no results; utilizing "counts" layer instead.
Scale for y is already present.
Adding another scale for y, which will replace the existing scale.
Warning: Default search for "data" layer in "RNA" assay yielded no results; utilizing "counts" layer instead.
Scale for y is already present.
Adding another scale for y, which will replace the existing scale.
Warning: Default search for "data" layer in "RNA" assay yielded no results; utilizing "counts" layer instead.
Scale for y is already present.
Adding another scale for y, which will replace the existing scale.
Warning: Default search for "data" layer in "RNA" assay yielded no results; utilizing "counts" layer instead.
Scale for y is already present.
Adding another scale for y, which will replace the existing scale.
Warning: Default search for "data" layer in "RNA" assay yielded no results; utilizing "counts" layer instead.
Scale for y is already present.
Adding another scale for y, which will replace the existing scale.
Warning: Default search for "data" layer in "RNA" assay yielded no results; utilizing "counts" layer instead.
Scale for y is already present.
Adding another scale for y, which will replace the existing scale.
Warning: Default search for "data" layer in "RNA" assay yielded no results; utilizing "counts" layer instead.
Scale for y is already present.
Adding another scale for y, which will replace the existing scale.
Warning: Default search for "data" layer in "RNA" assay yielded no results; utilizing "counts" layer instead.
Scale for y is already present.
Adding another scale for y, which will replace the existing scale.
Warning: Default search for "data" layer in "RNA" assay yielded no results; utilizing "counts" layer instead.
Scale for y is already present.
Adding another scale for y, which will replace the existing scale.
Warning: Default search for "data" layer in "RNA" assay yielded no results; utilizing "counts" layer instead.
Scale for y is already present.
Adding another scale for y, which will replace the existing scale.
Warning: Default search for "data" layer in "RNA" assay yielded no results; utilizing "counts" layer instead.
Scale for y is already present.
Adding another scale for y, which will replace the existing scale.
Warning: Default search for "data" layer in "RNA" assay yielded no results; utilizing "counts" layer instead.
Scale for y is already present.
Adding another scale for y, which will replace the existing scale.
Warning: Default search for "data" layer in "RNA" assay yielded no results; utilizing "counts" layer instead.
Scale for y is already present.
Adding another scale for y, which will replace the existing scale.
Warning: Default search for "data" layer in "RNA" assay yielded no results; utilizing "counts" layer instead.
Scale for y is already present.
Adding another scale for y, which will replace the existing scale.
Do heatmap based on a single object 

Do heatmap based on a single object 

Do heatmap based on a single object 

Plot the aggregated cell-cell communication network at the signaling pathway level
Plot the aggregated cell-cell communication network at the signaling pathway level
Plot the aggregated cell-cell communication network at the signaling pathway level
Warning: Default search for "data" layer in "RNA" assay yielded no results; utilizing "counts" layer instead.
Scale for y is already present.
Adding another scale for y, which will replace the existing scale.
Warning: Default search for "data" layer in "RNA" assay yielded no results; utilizing "counts" layer instead.
Scale for y is already present.
Adding another scale for y, which will replace the existing scale.
Warning: Default search for "data" layer in "RNA" assay yielded no results; utilizing "counts" layer instead.
Scale for y is already present.
Adding another scale for y, which will replace the existing scale.
Warning: Default search for "data" layer in "RNA" assay yielded no results; utilizing "counts" layer instead.
Scale for y is already present.
Adding another scale for y, which will replace the existing scale.
Warning: Default search for "data" layer in "RNA" assay yielded no results; utilizing "counts" layer instead.
Scale for y is already present.
Adding another scale for y, which will replace the existing scale.
Warning: Default search for "data" layer in "RNA" assay yielded no results; utilizing "counts" layer instead.
Scale for y is already present.
Adding another scale for y, which will replace the existing scale.
Warning: Default search for "data" layer in "RNA" assay yielded no results; utilizing "counts" layer instead.
Scale for y is already present.
Adding another scale for y, which will replace the existing scale.
Warning: Default search for "data" layer in "RNA" assay yielded no results; utilizing "counts" layer instead.
Scale for y is already present.
Adding another scale for y, which will replace the existing scale.
Warning: Default search for "data" layer in "RNA" assay yielded no results; utilizing "counts" layer instead.
Scale for y is already present.
Adding another scale for y, which will replace the existing scale.
Warning: Default search for "data" layer in "RNA" assay yielded no results; utilizing "counts" layer instead.
Scale for y is already present.
Adding another scale for y, which will replace the existing scale.
Warning: Default search for "data" layer in "RNA" assay yielded no results; utilizing "counts" layer instead.
Scale for y is already present.
Adding another scale for y, which will replace the existing scale.
Warning: Default search for "data" layer in "RNA" assay yielded no results; utilizing "counts" layer instead.
Scale for y is already present.
Adding another scale for y, which will replace the existing scale.
Warning: Default search for "data" layer in "RNA" assay yielded no results; utilizing "counts" layer instead.
Scale for y is already present.
Adding another scale for y, which will replace the existing scale.
Warning: Default search for "data" layer in "RNA" assay yielded no results; utilizing "counts" layer instead.
Scale for y is already present.
Adding another scale for y, which will replace the existing scale.
Warning: Default search for "data" layer in "RNA" assay yielded no results; utilizing "counts" layer instead.
Scale for y is already present.
Adding another scale for y, which will replace the existing scale.
Warning: Default search for "data" layer in "RNA" assay yielded no results; utilizing "counts" layer instead.
Scale for y is already present.
Adding another scale for y, which will replace the existing scale.
Warning: Default search for "data" layer in "RNA" assay yielded no results; utilizing "counts" layer instead.
Scale for y is already present.
Adding another scale for y, which will replace the existing scale.
Warning: Default search for "data" layer in "RNA" assay yielded no results; utilizing "counts" layer instead.
Scale for y is already present.
Adding another scale for y, which will replace the existing scale.
Do heatmap based on a single object 

Do heatmap based on a single object 

Do heatmap based on a single object 

Plot the aggregated cell-cell communication network at the signaling pathway level
Plot the aggregated cell-cell communication network at the signaling pathway level
Plot the aggregated cell-cell communication network at the signaling pathway level
Warning: Default search for "data" layer in "RNA" assay yielded no results; utilizing "counts" layer instead.
Scale for y is already present.
Adding another scale for y, which will replace the existing scale.
Warning: Default search for "data" layer in "RNA" assay yielded no results; utilizing "counts" layer instead.
Scale for y is already present.
Adding another scale for y, which will replace the existing scale.
Warning: Default search for "data" layer in "RNA" assay yielded no results; utilizing "counts" layer instead.
Scale for y is already present.
Adding another scale for y, which will replace the existing scale.
Warning: Default search for "data" layer in "RNA" assay yielded no results; utilizing "counts" layer instead.
Scale for y is already present.
Adding another scale for y, which will replace the existing scale.
Warning: Default search for "data" layer in "RNA" assay yielded no results; utilizing "counts" layer instead.
Scale for y is already present.
Adding another scale for y, which will replace the existing scale.
Warning: Default search for "data" layer in "RNA" assay yielded no results; utilizing "counts" layer instead.
Scale for y is already present.
Adding another scale for y, which will replace the existing scale.
Warning: Default search for "data" layer in "RNA" assay yielded no results; utilizing "counts" layer instead.
Scale for y is already present.
Adding another scale for y, which will replace the existing scale.
Warning: Default search for "data" layer in "RNA" assay yielded no results; utilizing "counts" layer instead.
Scale for y is already present.
Adding another scale for y, which will replace the existing scale.
Warning: Default search for "data" layer in "RNA" assay yielded no results; utilizing "counts" layer instead.
Scale for y is already present.
Adding another scale for y, which will replace the existing scale.
Warning: Default search for "data" layer in "RNA" assay yielded no results; utilizing "counts" layer instead.
Scale for y is already present.
Adding another scale for y, which will replace the existing scale.
Warning: Default search for "data" layer in "RNA" assay yielded no results; utilizing "counts" layer instead.
Scale for y is already present.
Adding another scale for y, which will replace the existing scale.
Warning: Default search for "data" layer in "RNA" assay yielded no results; utilizing "counts" layer instead.
Scale for y is already present.
Adding another scale for y, which will replace the existing scale.
Do heatmap based on a single object 

Do heatmap based on a single object 

Do heatmap based on a single object 

Plot the aggregated cell-cell communication network at the signaling pathway level
Plot the aggregated cell-cell communication network at the signaling pathway level
Plot the aggregated cell-cell communication network at the signaling pathway level
Warning: Default search for "data" layer in "RNA" assay yielded no results; utilizing "counts" layer instead.
Scale for y is already present.
Adding another scale for y, which will replace the existing scale.
Warning: Default search for "data" layer in "RNA" assay yielded no results; utilizing "counts" layer instead.
Scale for y is already present.
Adding another scale for y, which will replace the existing scale.
Warning: Default search for "data" layer in "RNA" assay yielded no results; utilizing "counts" layer instead.
Scale for y is already present.
Adding another scale for y, which will replace the existing scale.
Warning: Default search for "data" layer in "RNA" assay yielded no results; utilizing "counts" layer instead.
Scale for y is already present.
Adding another scale for y, which will replace the existing scale.
Warning: Default search for "data" layer in "RNA" assay yielded no results; utilizing "counts" layer instead.
Scale for y is already present.
Adding another scale for y, which will replace the existing scale.
Warning: Default search for "data" layer in "RNA" assay yielded no results; utilizing "counts" layer instead.
Scale for y is already present.
Adding another scale for y, which will replace the existing scale.
Warning: Default search for "data" layer in "RNA" assay yielded no results; utilizing "counts" layer instead.
Scale for y is already present.
Adding another scale for y, which will replace the existing scale.
Warning: Default search for "data" layer in "RNA" assay yielded no results; utilizing "counts" layer instead.
Scale for y is already present.
Adding another scale for y, which will replace the existing scale.
Warning: Default search for "data" layer in "RNA" assay yielded no results; utilizing "counts" layer instead.
Scale for y is already present.
Adding another scale for y, which will replace the existing scale.
Warning: Default search for "data" layer in "RNA" assay yielded no results; utilizing "counts" layer instead.
Scale for y is already present.
Adding another scale for y, which will replace the existing scale.
Warning: Default search for "data" layer in "RNA" assay yielded no results; utilizing "counts" layer instead.
Scale for y is already present.
Adding another scale for y, which will replace the existing scale.
Warning: Default search for "data" layer in "RNA" assay yielded no results; utilizing "counts" layer instead.
Scale for y is already present.
Adding another scale for y, which will replace the existing scale.
Do heatmap based on a single object 

Do heatmap based on a single object 

Do heatmap based on a single object 

Plot the aggregated cell-cell communication network at the signaling pathway level
Plot the aggregated cell-cell communication network at the signaling pathway level
Plot the aggregated cell-cell communication network at the signaling pathway level
Warning: Default search for "data" layer in "RNA" assay yielded no results; utilizing "counts" layer instead.
Scale for y is already present.
Adding another scale for y, which will replace the existing scale.
Warning: Default search for "data" layer in "RNA" assay yielded no results; utilizing "counts" layer instead.
Scale for y is already present.
Adding another scale for y, which will replace the existing scale.
Warning: Default search for "data" layer in "RNA" assay yielded no results; utilizing "counts" layer instead.
Scale for y is already present.
Adding another scale for y, which will replace the existing scale.
Warning: Default search for "data" layer in "RNA" assay yielded no results; utilizing "counts" layer instead.
Scale for y is already present.
Adding another scale for y, which will replace the existing scale.
Warning: Default search for "data" layer in "RNA" assay yielded no results; utilizing "counts" layer instead.
Scale for y is already present.
Adding another scale for y, which will replace the existing scale.
Warning: Default search for "data" layer in "RNA" assay yielded no results; utilizing "counts" layer instead.
Scale for y is already present.
Adding another scale for y, which will replace the existing scale.
Warning: Default search for "data" layer in "RNA" assay yielded no results; utilizing "counts" layer instead.
Scale for y is already present.
Adding another scale for y, which will replace the existing scale.
Warning: Default search for "data" layer in "RNA" assay yielded no results; utilizing "counts" layer instead.
Scale for y is already present.
Adding another scale for y, which will replace the existing scale.
Warning: Default search for "data" layer in "RNA" assay yielded no results; utilizing "counts" layer instead.
Scale for y is already present.
Adding another scale for y, which will replace the existing scale.
Do heatmap based on a single object 

Do heatmap based on a single object 

Do heatmap based on a single object 

Plot the aggregated cell-cell communication network at the signaling pathway level
Plot the aggregated cell-cell communication network at the signaling pathway level
Plot the aggregated cell-cell communication network at the signaling pathway level
Warning: Default search for "data" layer in "RNA" assay yielded no results; utilizing "counts" layer instead.
Scale for y is already present.
Adding another scale for y, which will replace the existing scale.
Warning: Default search for "data" layer in "RNA" assay yielded no results; utilizing "counts" layer instead.
Scale for y is already present.
Adding another scale for y, which will replace the existing scale.
Warning: Default search for "data" layer in "RNA" assay yielded no results; utilizing "counts" layer instead.
Scale for y is already present.
Adding another scale for y, which will replace the existing scale.
Warning: Default search for "data" layer in "RNA" assay yielded no results; utilizing "counts" layer instead.
Scale for y is already present.
Adding another scale for y, which will replace the existing scale.
Warning: Default search for "data" layer in "RNA" assay yielded no results; utilizing "counts" layer instead.
Scale for y is already present.
Adding another scale for y, which will replace the existing scale.
Warning: Default search for "data" layer in "RNA" assay yielded no results; utilizing "counts" layer instead.
Scale for y is already present.
Adding another scale for y, which will replace the existing scale.
Do heatmap based on a single object 

Do heatmap based on a single object 

Do heatmap based on a single object 

Plot the aggregated cell-cell communication network at the signaling pathway level
Plot the aggregated cell-cell communication network at the signaling pathway level
Plot the aggregated cell-cell communication network at the signaling pathway level
Warning: Default search for "data" layer in "RNA" assay yielded no results; utilizing "counts" layer instead.
Scale for y is already present.
Adding another scale for y, which will replace the existing scale.
Warning: Default search for "data" layer in "RNA" assay yielded no results; utilizing "counts" layer instead.
Scale for y is already present.
Adding another scale for y, which will replace the existing scale.
Warning: Default search for "data" layer in "RNA" assay yielded no results; utilizing "counts" layer instead.
Scale for y is already present.
Adding another scale for y, which will replace the existing scale.
Warning: Default search for "data" layer in "RNA" assay yielded no results; utilizing "counts" layer instead.
Scale for y is already present.
Adding another scale for y, which will replace the existing scale.
Warning: Default search for "data" layer in "RNA" assay yielded no results; utilizing "counts" layer instead.
Scale for y is already present.
Adding another scale for y, which will replace the existing scale.
Warning: Default search for "data" layer in "RNA" assay yielded no results; utilizing "counts" layer instead.
Scale for y is already present.
Adding another scale for y, which will replace the existing scale.
Do heatmap based on a single object 

Do heatmap based on a single object 

Do heatmap based on a single object 

Plot the aggregated cell-cell communication network at the signaling pathway level
Plot the aggregated cell-cell communication network at the signaling pathway level
Plot the aggregated cell-cell communication network at the signaling pathway level
Warning: Default search for "data" layer in "RNA" assay yielded no results; utilizing "counts" layer instead.
Scale for y is already present.
Adding another scale for y, which will replace the existing scale.
Warning: Default search for "data" layer in "RNA" assay yielded no results; utilizing "counts" layer instead.
Scale for y is already present.
Adding another scale for y, which will replace the existing scale.
Warning: Default search for "data" layer in "RNA" assay yielded no results; utilizing "counts" layer instead.
Scale for y is already present.
Adding another scale for y, which will replace the existing scale.
Warning: Default search for "data" layer in "RNA" assay yielded no results; utilizing "counts" layer instead.
Scale for y is already present.
Adding another scale for y, which will replace the existing scale.
Warning: Default search for "data" layer in "RNA" assay yielded no results; utilizing "counts" layer instead.
Scale for y is already present.
Adding another scale for y, which will replace the existing scale.
Warning: Default search for "data" layer in "RNA" assay yielded no results; utilizing "counts" layer instead.
Scale for y is already present.
Adding another scale for y, which will replace the existing scale.
Do heatmap based on a single object 

Do heatmap based on a single object 

Do heatmap based on a single object 

Plot the aggregated cell-cell communication network at the signaling pathway level
Plot the aggregated cell-cell communication network at the signaling pathway level
Plot the aggregated cell-cell communication network at the signaling pathway level
Warning: Default search for "data" layer in "RNA" assay yielded no results; utilizing "counts" layer instead.
Scale for y is already present.
Adding another scale for y, which will replace the existing scale.
Warning: Default search for "data" layer in "RNA" assay yielded no results; utilizing "counts" layer instead.
Scale for y is already present.
Adding another scale for y, which will replace the existing scale.
Warning: Default search for "data" layer in "RNA" assay yielded no results; utilizing "counts" layer instead.
Scale for y is already present.
Adding another scale for y, which will replace the existing scale.
Warning: Default search for "data" layer in "RNA" assay yielded no results; utilizing "counts" layer instead.
Scale for y is already present.
Adding another scale for y, which will replace the existing scale.
Warning: Default search for "data" layer in "RNA" assay yielded no results; utilizing "counts" layer instead.
Scale for y is already present.
Adding another scale for y, which will replace the existing scale.
Warning: Default search for "data" layer in "RNA" assay yielded no results; utilizing "counts" layer instead.
Scale for y is already present.
Adding another scale for y, which will replace the existing scale.
Do heatmap based on a single object 

Do heatmap based on a single object 

Do heatmap based on a single object 

Plot the aggregated cell-cell communication network at the signaling pathway level
Plot the aggregated cell-cell communication network at the signaling pathway level
Plot the aggregated cell-cell communication network at the signaling pathway level
Warning: Default search for "data" layer in "RNA" assay yielded no results; utilizing "counts" layer instead.
Scale for y is already present.
Adding another scale for y, which will replace the existing scale.
Warning: Default search for "data" layer in "RNA" assay yielded no results; utilizing "counts" layer instead.
Scale for y is already present.
Adding another scale for y, which will replace the existing scale.
Warning: Default search for "data" layer in "RNA" assay yielded no results; utilizing "counts" layer instead.
Scale for y is already present.
Adding another scale for y, which will replace the existing scale.
Warning: Default search for "data" layer in "RNA" assay yielded no results; utilizing "counts" layer instead.
Scale for y is already present.
Adding another scale for y, which will replace the existing scale.
Warning: Default search for "data" layer in "RNA" assay yielded no results; utilizing "counts" layer instead.
Scale for y is already present.
Adding another scale for y, which will replace the existing scale.
Warning: Default search for "data" layer in "RNA" assay yielded no results; utilizing "counts" layer instead.
Scale for y is already present.
Adding another scale for y, which will replace the existing scale.
Do heatmap based on a single object 

Do heatmap based on a single object 

Do heatmap based on a single object 

Plot the aggregated cell-cell communication network at the signaling pathway level
Plot the aggregated cell-cell communication network at the signaling pathway level
Plot the aggregated cell-cell communication network at the signaling pathway level
Warning: Default search for "data" layer in "RNA" assay yielded no results; utilizing "counts" layer instead.
Scale for y is already present.
Adding another scale for y, which will replace the existing scale.
Warning: Default search for "data" layer in "RNA" assay yielded no results; utilizing "counts" layer instead.
Scale for y is already present.
Adding another scale for y, which will replace the existing scale.
Warning: Default search for "data" layer in "RNA" assay yielded no results; utilizing "counts" layer instead.
Scale for y is already present.
Adding another scale for y, which will replace the existing scale.
Warning: Default search for "data" layer in "RNA" assay yielded no results; utilizing "counts" layer instead.
Scale for y is already present.
Adding another scale for y, which will replace the existing scale.
Warning: Default search for "data" layer in "RNA" assay yielded no results; utilizing "counts" layer instead.
Scale for y is already present.
Adding another scale for y, which will replace the existing scale.
Warning: Default search for "data" layer in "RNA" assay yielded no results; utilizing "counts" layer instead.
Scale for y is already present.
Adding another scale for y, which will replace the existing scale.
Do heatmap based on a single object 

Do heatmap based on a single object 

Do heatmap based on a single object 

Plot the aggregated cell-cell communication network at the signaling pathway level
Plot the aggregated cell-cell communication network at the signaling pathway level
Plot the aggregated cell-cell communication network at the signaling pathway level
Warning: Default search for "data" layer in "RNA" assay yielded no results; utilizing "counts" layer instead.
Scale for y is already present.
Adding another scale for y, which will replace the existing scale.
Warning: Default search for "data" layer in "RNA" assay yielded no results; utilizing "counts" layer instead.
Scale for y is already present.
Adding another scale for y, which will replace the existing scale.
Warning: Default search for "data" layer in "RNA" assay yielded no results; utilizing "counts" layer instead.
Scale for y is already present.
Adding another scale for y, which will replace the existing scale.
Warning: Default search for "data" layer in "RNA" assay yielded no results; utilizing "counts" layer instead.
Scale for y is already present.
Adding another scale for y, which will replace the existing scale.
Warning: Default search for "data" layer in "RNA" assay yielded no results; utilizing "counts" layer instead.
Scale for y is already present.
Adding another scale for y, which will replace the existing scale.
Warning: Default search for "data" layer in "RNA" assay yielded no results; utilizing "counts" layer instead.
Scale for y is already present.
Adding another scale for y, which will replace the existing scale.
Warning: Default search for "data" layer in "RNA" assay yielded no results; utilizing "counts" layer instead.
Scale for y is already present.
Adding another scale for y, which will replace the existing scale.
Warning: Default search for "data" layer in "RNA" assay yielded no results; utilizing "counts" layer instead.
Scale for y is already present.
Adding another scale for y, which will replace the existing scale.
Warning: Default search for "data" layer in "RNA" assay yielded no results; utilizing "counts" layer instead.
Scale for y is already present.
Adding another scale for y, which will replace the existing scale.
Do heatmap based on a single object 

Do heatmap based on a single object 

Do heatmap based on a single object 

Plot the aggregated cell-cell communication network at the signaling pathway level
Plot the aggregated cell-cell communication network at the signaling pathway level
Plot the aggregated cell-cell communication network at the signaling pathway level
Warning: Default search for "data" layer in "RNA" assay yielded no results; utilizing "counts" layer instead.
Scale for y is already present.
Adding another scale for y, which will replace the existing scale.
Warning: Default search for "data" layer in "RNA" assay yielded no results; utilizing "counts" layer instead.
Scale for y is already present.
Adding another scale for y, which will replace the existing scale.
Warning: Default search for "data" layer in "RNA" assay yielded no results; utilizing "counts" layer instead.
Scale for y is already present.
Adding another scale for y, which will replace the existing scale.
Warning: Default search for "data" layer in "RNA" assay yielded no results; utilizing "counts" layer instead.
Scale for y is already present.
Adding another scale for y, which will replace the existing scale.
Warning: Default search for "data" layer in "RNA" assay yielded no results; utilizing "counts" layer instead.
Scale for y is already present.
Adding another scale for y, which will replace the existing scale.
Warning: Default search for "data" layer in "RNA" assay yielded no results; utilizing "counts" layer instead.
Scale for y is already present.
Adding another scale for y, which will replace the existing scale.
Do heatmap based on a single object 

Do heatmap based on a single object 

Do heatmap based on a single object 

Plot the aggregated cell-cell communication network at the signaling pathway level
Plot the aggregated cell-cell communication network at the signaling pathway level
Plot the aggregated cell-cell communication network at the signaling pathway level
Warning: Default search for "data" layer in "RNA" assay yielded no results; utilizing "counts" layer instead.
Scale for y is already present.
Adding another scale for y, which will replace the existing scale.
Warning: Default search for "data" layer in "RNA" assay yielded no results; utilizing "counts" layer instead.
Scale for y is already present.
Adding another scale for y, which will replace the existing scale.
Warning: Default search for "data" layer in "RNA" assay yielded no results; utilizing "counts" layer instead.
Scale for y is already present.
Adding another scale for y, which will replace the existing scale.
Warning: Default search for "data" layer in "RNA" assay yielded no results; utilizing "counts" layer instead.
Scale for y is already present.
Adding another scale for y, which will replace the existing scale.
Warning: Default search for "data" layer in "RNA" assay yielded no results; utilizing "counts" layer instead.
Scale for y is already present.
Adding another scale for y, which will replace the existing scale.
Warning: Default search for "data" layer in "RNA" assay yielded no results; utilizing "counts" layer instead.
Scale for y is already present.
Adding another scale for y, which will replace the existing scale.
Warning: Default search for "data" layer in "RNA" assay yielded no results; utilizing "counts" layer instead.
Scale for y is already present.
Adding another scale for y, which will replace the existing scale.
Warning: Default search for "data" layer in "RNA" assay yielded no results; utilizing "counts" layer instead.
Scale for y is already present.
Adding another scale for y, which will replace the existing scale.
Warning: Default search for "data" layer in "RNA" assay yielded no results; utilizing "counts" layer instead.
Scale for y is already present.
Adding another scale for y, which will replace the existing scale.
Do heatmap based on a single object 

Do heatmap based on a single object 

Do heatmap based on a single object 

Plot the aggregated cell-cell communication network at the signaling pathway level
Plot the aggregated cell-cell communication network at the signaling pathway level
Plot the aggregated cell-cell communication network at the signaling pathway level
Warning: Default search for "data" layer in "RNA" assay yielded no results; utilizing "counts" layer instead.
Scale for y is already present.
Adding another scale for y, which will replace the existing scale.
Warning: Default search for "data" layer in "RNA" assay yielded no results; utilizing "counts" layer instead.
Scale for y is already present.
Adding another scale for y, which will replace the existing scale.
Warning: Default search for "data" layer in "RNA" assay yielded no results; utilizing "counts" layer instead.
Scale for y is already present.
Adding another scale for y, which will replace the existing scale.
Warning: Default search for "data" layer in "RNA" assay yielded no results; utilizing "counts" layer instead.
Scale for y is already present.
Adding another scale for y, which will replace the existing scale.
Warning: Default search for "data" layer in "RNA" assay yielded no results; utilizing "counts" layer instead.
Scale for y is already present.
Adding another scale for y, which will replace the existing scale.
Warning: Default search for "data" layer in "RNA" assay yielded no results; utilizing "counts" layer instead.
Scale for y is already present.
Adding another scale for y, which will replace the existing scale.
Signaling role analysis on the aggregated cell-cell communication network from all signaling pathways
Signaling role analysis on the aggregated cell-cell communication network from all signaling pathways
Signaling role analysis on the aggregated cell-cell communication network from all signaling pathways
[03:02:08]   low outgoing: k.range capped at 8 (9 cell types x 23 pathways) 
Timing stopped at: 0.001 0 0.001
Timing stopped at: 0.001 0 0.001
Timing stopped at: 0.001 0 0
Timing stopped at: 0.001 0 0.001
Timing stopped at: 0.001 0 0.001
Timing stopped at: 0.001 0 0.001
Timing stopped at: 0 0 0.001
  [plot-fail] selectK_outgoing (png): All the runs produced an error:
	-#1 [r=2] -> none of the packages are loaded [in call to 'path.package']
	-#2 [r=3] -> none of the packages are loaded [in call to 'path.package']
	-#3 [r=4] -> none of the packages are loaded [in call to 'path.package']
	-#4 [r=5] -> none of the packages are loaded [in call to 'path.package']
	-#5 [r=6] -> none of the packages are loaded [in call to 'path.package']
	-#6 [r=7] -> none of the packages are loaded [in call to 'path.package']
	-#7 [r=8] -> none of the packages are loaded [in call to 'path.package']
Timing stopped at: 0.001 0 0.001
Timing stopped at: 0.001 0 0.001
Timing stopped at: 0.001 0 0.001
Timing stopped at: 0.001 0 0
Timing stopped at: 0 0 0.001
Timing stopped at: 0.001 0 0.001
Timing stopped at: 0.001 0 0.001
  [plot-fail] selectK_outgoing (pdf): All the runs produced an error:
	-#1 [r=2] -> none of the packages are loaded [in call to 'path.package']
	-#2 [r=3] -> none of the packages are loaded [in call to 'path.package']
	-#3 [r=4] -> none of the packages are loaded [in call to 'path.package']
	-#4 [r=5] -> none of the packages are loaded [in call to 'path.package']
	-#5 [r=6] -> none of the packages are loaded [in call to 'path.package']
	-#6 [r=7] -> none of the packages are loaded [in call to 'path.package']
	-#7 [r=8] -> none of the packages are loaded [in call to 'path.package']
Timing stopped at: 0 0 0.001
Timing stopped at: 0 0 0.001
Timing stopped at: 0 0 0.001
Timing stopped at: 0.001 0.001 0.001
Timing stopped at: 0 0 0
Timing stopped at: 0.001 0 0.001
Timing stopped at: 0.001 0 0.001
  [plot-fail] selectK_outgoing (svg): All the runs produced an error:
	-#1 [r=2] -> none of the packages are loaded [in call to 'path.package']
	-#2 [r=3] -> none of the packages are loaded [in call to 'path.package']
	-#3 [r=4] -> none of the packages are loaded [in call to 'path.package']
	-#4 [r=5] -> none of the packages are loaded [in call to 'path.package']
	-#5 [r=6] -> none of the packages are loaded [in call to 'path.package']
	-#6 [r=7] -> none of the packages are loaded [in call to 'path.package']
	-#7 [r=8] -> none of the packages are loaded [in call to 'path.package']
Timing stopped at: 0 0 0.001
Timing stopped at: 0.001 0 0.001
Timing stopped at: 0 0 0.001
Timing stopped at: 0 0 0.001
Timing stopped at: 0 0 0.001
Timing stopped at: 0 0 0.001
Timing stopped at: 0.001 0 0
[03:02:20]   [skip] patterns outgoing: All the runs produced an error:
	-#1 [r=2] -> none of the packages are loaded [in call to 'path.package']
	-#2 [r=3] -> none of the packages are loaded [in call to 'path.package']
	-#3 [r=4] -> none of the packages are loaded [in call to 'path.package']
	-#4 [r=5] -> none of the packages are loaded [in call to 'path.package']
	-#5 [r=6] -> none of the packages are loaded [in call to 'path.package']
	-#6 [r=7] -> none of the packages are loaded [in call to 'path.package']
	-#7 [r=8] -> none of the packages are loaded [in call to 'path.package'] 
[03:02:20]   low incoming: k.range capped at 8 (9 cell types x 23 pathways) 
Timing stopped at: 0.001 0 0
Timing stopped at: 0 0 0.001
Timing stopped at: 0.001 0 0.001
Timing stopped at: 0.001 0 0.001
Timing stopped at: 0.001 0 0
Timing stopped at: 0.001 0.001 0.001
Timing stopped at: 0.001 0 0.001
  [plot-fail] selectK_incoming (png): All the runs produced an error:
	-#1 [r=2] -> none of the packages are loaded [in call to 'path.package']
	-#2 [r=3] -> none of the packages are loaded [in call to 'path.package']
	-#3 [r=4] -> none of the packages are loaded [in call to 'path.package']
	-#4 [r=5] -> none of the packages are loaded [in call to 'path.package']
	-#5 [r=6] -> none of the packages are loaded [in call to 'path.package']
	-#6 [r=7] -> none of the packages are loaded [in call to 'path.package']
	-#7 [r=8] -> none of the packages are loaded [in call to 'path.package']
Timing stopped at: 0 0 0.001
Timing stopped at: 0.001 0 0.001
Timing stopped at: 0.001 0 0.001
Timing stopped at: 0.001 0 0.001
Timing stopped at: 0.001 0 0.001
Timing stopped at: 0 0.001 0.001
Timing stopped at: 0 0 0
  [plot-fail] selectK_incoming (pdf): All the runs produced an error:
	-#1 [r=2] -> none of the packages are loaded [in call to 'path.package']
	-#2 [r=3] -> none of the packages are loaded [in call to 'path.package']
	-#3 [r=4] -> none of the packages are loaded [in call to 'path.package']
	-#4 [r=5] -> none of the packages are loaded [in call to 'path.package']
	-#5 [r=6] -> none of the packages are loaded [in call to 'path.package']
	-#6 [r=7] -> none of the packages are loaded [in call to 'path.package']
	-#7 [r=8] -> none of the packages are loaded [in call to 'path.package']
Timing stopped at: 0.001 0 0
Timing stopped at: 0 0.001 0
Timing stopped at: 0.001 0 0.001
Timing stopped at: 0 0 0.001
Timing stopped at: 0 0 0
Timing stopped at: 0.001 0.001 0.001
Timing stopped at: 0.001 0 0
  [plot-fail] selectK_incoming (svg): All the runs produced an error:
	-#1 [r=2] -> none of the packages are loaded [in call to 'path.package']
	-#2 [r=3] -> none of the packages are loaded [in call to 'path.package']
	-#3 [r=4] -> none of the packages are loaded [in call to 'path.package']
	-#4 [r=5] -> none of the packages are loaded [in call to 'path.package']
	-#5 [r=6] -> none of the packages are loaded [in call to 'path.package']
	-#6 [r=7] -> none of the packages are loaded [in call to 'path.package']
	-#7 [r=8] -> none of the packages are loaded [in call to 'path.package']
Timing stopped at: 0 0 0.001
Timing stopped at: 0 0 0
Timing stopped at: 0.001 0 0.001
Timing stopped at: 0.001 0 0.001
Timing stopped at: 0.001 0.001 0.001
Timing stopped at: 0.001 0 0.001
Timing stopped at: 0.001 0.001 0.001
[03:02:32]   [skip] patterns incoming: All the runs produced an error:
	-#1 [r=2] -> none of the packages are loaded [in call to 'path.package']
	-#2 [r=3] -> none of the packages are loaded [in call to 'path.package']
	-#3 [r=4] -> none of the packages are loaded [in call to 'path.package']
	-#4 [r=5] -> none of the packages are loaded [in call to 'path.package']
	-#5 [r=6] -> none of the packages are loaded [in call to 'path.package']
	-#6 [r=7] -> none of the packages are loaded [in call to 'path.package']
	-#7 [r=8] -> none of the packages are loaded [in call to 'path.package'] 
Manifold learning of the signaling networks for a single dataset 
Classification learning of the signaling networks for a single dataset 
Manifold learning of the signaling networks for a single dataset 
Classification learning of the signaling networks for a single dataset 
Comparing communications on a single object 

Comparing communications on a single object 

Comparing communications on a single object 

Applying a cutoff of  0.05 to the values... 
Applying a cutoff of  0.05 to the values... 
Applying a cutoff of  0.05 to the values... 
Applying a cutoff of  0.05 to the values... 
Applying a cutoff of  0.05 to the values... 
Applying a cutoff of  0.05 to the values... 
Applying a cutoff of  0.05 to the values... 
Applying a cutoff of  0.05 to the values... 
Applying a cutoff of  0.05 to the values... 
Applying a cutoff of  0.05 to the values... 
Applying a cutoff of  0.05 to the values... 
Applying a cutoff of  0.05 to the values... 
Applying a cutoff of  0.05 to the values... 
Applying a cutoff of  0.05 to the values... 
Applying a cutoff of  0.05 to the values... 
Applying a cutoff of  0.05 to the values... 
Applying a cutoff of  0.05 to the values... 
Applying a cutoff of  0.05 to the values... 
Comparing communications on a single object 

Comparing communications on a single object 

Comparing communications on a single object 

Applying a cutoff of  0.05 to the values... 
Applying a cutoff of  0.05 to the values... 
Applying a cutoff of  0.05 to the values... 
Applying a cutoff of  0.05 to the values... 
Applying a cutoff of  0.05 to the values... 
Applying a cutoff of  0.05 to the values... 
Applying a cutoff of  0.05 to the values... 
Applying a cutoff of  0.05 to the values... 
Applying a cutoff of  0.05 to the values... 
Applying a cutoff of  0.05 to the values... 
Applying a cutoff of  0.05 to the values... 
Applying a cutoff of  0.05 to the values... 
Applying a cutoff of  0.05 to the values... 
Applying a cutoff of  0.05 to the values... 
Applying a cutoff of  0.05 to the values... 
Applying a cutoff of  0.05 to the values... 
Applying a cutoff of  0.05 to the values... 
Applying a cutoff of  0.05 to the values... 
Comparing communications on a single object 

Comparing communications on a single object 

Comparing communications on a single object 

Applying a cutoff of  0.05 to the values... 
Applying a cutoff of  0.05 to the values... 
Applying a cutoff of  0.05 to the values... 
Applying a cutoff of  0.05 to the values... 
Applying a cutoff of  0.05 to the values... 
Applying a cutoff of  0.05 to the values... 
Applying a cutoff of  0.05 to the values... 
Applying a cutoff of  0.05 to the values... 
Applying a cutoff of  0.05 to the values... 
Applying a cutoff of  0.05 to the values... 
Applying a cutoff of  0.05 to the values... 
Applying a cutoff of  0.05 to the values... 
Applying a cutoff of  0.05 to the values... 
Applying a cutoff of  0.05 to the values... 
Applying a cutoff of  0.05 to the values... 
Applying a cutoff of  0.05 to the values... 
Applying a cutoff of  0.05 to the values... 
Applying a cutoff of  0.05 to the values... 
Comparing communications on a single object 

Comparing communications on a single object 

Comparing communications on a single object 

Applying a cutoff of  0.05 to the values... 
Applying a cutoff of  0.05 to the values... 
Applying a cutoff of  0.05 to the values... 
Applying a cutoff of  0.05 to the values... 
Applying a cutoff of  0.05 to the values... 
Applying a cutoff of  0.05 to the values... 
Applying a cutoff of  0.05 to the values... 
Applying a cutoff of  0.05 to the values... 
Applying a cutoff of  0.05 to the values... 
Applying a cutoff of  0.05 to the values... 
Applying a cutoff of  0.05 to the values... 
Applying a cutoff of  0.05 to the values... 
Applying a cutoff of  0.05 to the values... 
Applying a cutoff of  0.05 to the values... 
Applying a cutoff of  0.05 to the values... 
Applying a cutoff of  0.05 to the values... 
Applying a cutoff of  0.05 to the values... 
Applying a cutoff of  0.05 to the values... 
Comparing communications on a single object 

Comparing communications on a single object 

Comparing communications on a single object 

Applying a cutoff of  0.05 to the values... 
Applying a cutoff of  0.05 to the values... 
Applying a cutoff of  0.05 to the values... 
Applying a cutoff of  0.05 to the values... 
Applying a cutoff of  0.05 to the values... 
Applying a cutoff of  0.05 to the values... 
Applying a cutoff of  0.05 to the values... 
Applying a cutoff of  0.05 to the values... 
Applying a cutoff of  0.05 to the values... 
Applying a cutoff of  0.05 to the values... 
Applying a cutoff of  0.05 to the values... 
Applying a cutoff of  0.05 to the values... 
Applying a cutoff of  0.05 to the values... 
Applying a cutoff of  0.05 to the values... 
Applying a cutoff of  0.05 to the values... 
Applying a cutoff of  0.05 to the values... 
Applying a cutoff of  0.05 to the values... 
Applying a cutoff of  0.05 to the values... 
Comparing communications on a single object 

Comparing communications on a single object 

Comparing communications on a single object 

Applying a cutoff of  0.05 to the values... 
Applying a cutoff of  0.05 to the values... 
Applying a cutoff of  0.05 to the values... 
Applying a cutoff of  0.05 to the values... 
Applying a cutoff of  0.05 to the values... 
Applying a cutoff of  0.05 to the values... 
Applying a cutoff of  0.05 to the values... 
Applying a cutoff of  0.05 to the values... 
Applying a cutoff of  0.05 to the values... 
Applying a cutoff of  0.05 to the values... 
Applying a cutoff of  0.05 to the values... 
Applying a cutoff of  0.05 to the values... 
Applying a cutoff of  0.05 to the values... 
Applying a cutoff of  0.05 to the values... 
Applying a cutoff of  0.05 to the values... 
Applying a cutoff of  0.05 to the values... 
Applying a cutoff of  0.05 to the values... 
Applying a cutoff of  0.05 to the values... 
Comparing communications on a single object 

Comparing communications on a single object 

Comparing communications on a single object 

Applying a cutoff of  0.05 to the values... 
Applying a cutoff of  0.05 to the values... 
Applying a cutoff of  0.05 to the values... 
Applying a cutoff of  0.05 to the values... 
Applying a cutoff of  0.05 to the values... 
Applying a cutoff of  0.05 to the values... 
Applying a cutoff of  0.05 to the values... 
Applying a cutoff of  0.05 to the values... 
Applying a cutoff of  0.05 to the values... 
Applying a cutoff of  0.05 to the values... 
Applying a cutoff of  0.05 to the values... 
Applying a cutoff of  0.05 to the values... 
Applying a cutoff of  0.05 to the values... 
Applying a cutoff of  0.05 to the values... 
Applying a cutoff of  0.05 to the values... 
Applying a cutoff of  0.05 to the values... 
Applying a cutoff of  0.05 to the values... 
Applying a cutoff of  0.05 to the values... 
Comparing communications on a single object 

Comparing communications on a single object 

Comparing communications on a single object 

Applying a cutoff of  0.05 to the values... 
Applying a cutoff of  0.05 to the values... 
Applying a cutoff of  0.05 to the values... 
Applying a cutoff of  0.05 to the values... 
Applying a cutoff of  0.05 to the values... 
Applying a cutoff of  0.05 to the values... 
Applying a cutoff of  0.05 to the values... 
Applying a cutoff of  0.05 to the values... 
Applying a cutoff of  0.05 to the values... 
Applying a cutoff of  0.05 to the values... 
Applying a cutoff of  0.05 to the values... 
Applying a cutoff of  0.05 to the values... 
Applying a cutoff of  0.05 to the values... 
Applying a cutoff of  0.05 to the values... 
Applying a cutoff of  0.05 to the values... 
Applying a cutoff of  0.05 to the values... 
Applying a cutoff of  0.05 to the values... 
Applying a cutoff of  0.05 to the values... 
Comparing communications on a single object 

Comparing communications on a single object 

Comparing communications on a single object 

Applying a cutoff of  0.05 to the values... 
Applying a cutoff of  0.05 to the values... 
Applying a cutoff of  0.05 to the values... 
Applying a cutoff of  0.05 to the values... 
Applying a cutoff of  0.05 to the values... 
Applying a cutoff of  0.05 to the values... 
Applying a cutoff of  0.05 to the values... 
Applying a cutoff of  0.05 to the values... 
Applying a cutoff of  0.05 to the values... 
Applying a cutoff of  0.05 to the values... 
Applying a cutoff of  0.05 to the values... 
Applying a cutoff of  0.05 to the values... 
Applying a cutoff of  0.05 to the values... 
Applying a cutoff of  0.05 to the values... 
Applying a cutoff of  0.05 to the values... 
Applying a cutoff of  0.05 to the values... 
Applying a cutoff of  0.05 to the values... 
Applying a cutoff of  0.05 to the values... 
Comparing communications on a single object 

Comparing communications on a single object 

Comparing communications on a single object 

Applying a cutoff of  0.05 to the values... 
Applying a cutoff of  0.05 to the values... 
Applying a cutoff of  0.05 to the values... 
Applying a cutoff of  0.05 to the values... 
Applying a cutoff of  0.05 to the values... 
Applying a cutoff of  0.05 to the values... 
Applying a cutoff of  0.05 to the values... 
Applying a cutoff of  0.05 to the values... 
Applying a cutoff of  0.05 to the values... 
Applying a cutoff of  0.05 to the values... 
Applying a cutoff of  0.05 to the values... 
Applying a cutoff of  0.05 to the values... 
Applying a cutoff of  0.05 to the values... 
Applying a cutoff of  0.05 to the values... 
Applying a cutoff of  0.05 to the values... 
Applying a cutoff of  0.05 to the values... 
Applying a cutoff of  0.05 to the values... 
Applying a cutoff of  0.05 to the values... 
[03:03:29]   requested GRN_SORT1 (GRN): in_db=TRUE tested=TRUE significant_pairs=15 pathway_significant=TRUE 
Comparing communications on a single object 

Comparing communications on a single object 

Comparing communications on a single object 

Applying a cutoff of  0.05 to the values... 
Applying a cutoff of  0.05 to the values... 
Applying a cutoff of  0.05 to the values... 
Applying a cutoff of  0.05 to the values... 
Applying a cutoff of  0.05 to the values... 
Applying a cutoff of  0.05 to the values... 
Applying a cutoff of  0.05 to the values... 
Applying a cutoff of  0.05 to the values... 
Applying a cutoff of  0.05 to the values... 
Applying a cutoff of  0.05 to the values... 
Applying a cutoff of  0.05 to the values... 
Applying a cutoff of  0.05 to the values... 
Applying a cutoff of  0.05 to the values... 
Applying a cutoff of  0.05 to the values... 
Applying a cutoff of  0.05 to the values... 
Applying a cutoff of  0.05 to the values... 
Applying a cutoff of  0.05 to the values... 
Applying a cutoff of  0.05 to the values... 
[03:03:40]   requested ANXA1_FPR1 (ANNEXIN): in_db=TRUE tested=TRUE significant_pairs=8 pathway_significant=TRUE 
Comparing communications on a single object 

Comparing communications on a single object 

Comparing communications on a single object 

Applying a cutoff of  0.05 to the values... 
Applying a cutoff of  0.05 to the values... 
Applying a cutoff of  0.05 to the values... 
Applying a cutoff of  0.05 to the values... 
Applying a cutoff of  0.05 to the values... 
Applying a cutoff of  0.05 to the values... 
Applying a cutoff of  0.05 to the values... 
Applying a cutoff of  0.05 to the values... 
Applying a cutoff of  0.05 to the values... 
Applying a cutoff of  0.05 to the values... 
Applying a cutoff of  0.05 to the values... 
Applying a cutoff of  0.05 to the values... 
Applying a cutoff of  0.05 to the values... 
Applying a cutoff of  0.05 to the values... 
Applying a cutoff of  0.05 to the values... 
Applying a cutoff of  0.05 to the values... 
Applying a cutoff of  0.05 to the values... 
Applying a cutoff of  0.05 to the values... 
[03:03:50] low: plots done 
[03:03:50] high: 9 cell types, 25 pathways, 7 samples 
Do heatmap based on a single object 

Do heatmap based on a single object 

Do heatmap based on a single object 

Do heatmap based on a single object 

Do heatmap based on a single object 

Do heatmap based on a single object 

Comparing communications on a single object 

Comparing communications on a single object 

Comparing communications on a single object 

Do heatmap based on a single object 

Do heatmap based on a single object 

Do heatmap based on a single object 

Plot the aggregated cell-cell communication network at the signaling pathway level
Plot the aggregated cell-cell communication network at the signaling pathway level
Plot the aggregated cell-cell communication network at the signaling pathway level
Warning: Default search for "data" layer in "RNA" assay yielded no results; utilizing "counts" layer instead.
Scale for y is already present.
Adding another scale for y, which will replace the existing scale.
Warning: Default search for "data" layer in "RNA" assay yielded no results; utilizing "counts" layer instead.
Scale for y is already present.
Adding another scale for y, which will replace the existing scale.
Warning: Default search for "data" layer in "RNA" assay yielded no results; utilizing "counts" layer instead.
Scale for y is already present.
Adding another scale for y, which will replace the existing scale.
Warning: Default search for "data" layer in "RNA" assay yielded no results; utilizing "counts" layer instead.
Scale for y is already present.
Adding another scale for y, which will replace the existing scale.
Warning: Default search for "data" layer in "RNA" assay yielded no results; utilizing "counts" layer instead.
Scale for y is already present.
Adding another scale for y, which will replace the existing scale.
Warning: Default search for "data" layer in "RNA" assay yielded no results; utilizing "counts" layer instead.
Scale for y is already present.
Adding another scale for y, which will replace the existing scale.
Warning: Default search for "data" layer in "RNA" assay yielded no results; utilizing "counts" layer instead.
Scale for y is already present.
Adding another scale for y, which will replace the existing scale.
Warning: Default search for "data" layer in "RNA" assay yielded no results; utilizing "counts" layer instead.
Scale for y is already present.
Adding another scale for y, which will replace the existing scale.
Warning: Default search for "data" layer in "RNA" assay yielded no results; utilizing "counts" layer instead.
Scale for y is already present.
Adding another scale for y, which will replace the existing scale.
Warning: Default search for "data" layer in "RNA" assay yielded no results; utilizing "counts" layer instead.
Scale for y is already present.
Adding another scale for y, which will replace the existing scale.
Warning: Default search for "data" layer in "RNA" assay yielded no results; utilizing "counts" layer instead.
Scale for y is already present.
Adding another scale for y, which will replace the existing scale.
Warning: Default search for "data" layer in "RNA" assay yielded no results; utilizing "counts" layer instead.
Scale for y is already present.
Adding another scale for y, which will replace the existing scale.
Warning: Default search for "data" layer in "RNA" assay yielded no results; utilizing "counts" layer instead.
Scale for y is already present.
Adding another scale for y, which will replace the existing scale.
Warning: Default search for "data" layer in "RNA" assay yielded no results; utilizing "counts" layer instead.
Scale for y is already present.
Adding another scale for y, which will replace the existing scale.
Warning: Default search for "data" layer in "RNA" assay yielded no results; utilizing "counts" layer instead.
Scale for y is already present.
Adding another scale for y, which will replace the existing scale.
Warning: Default search for "data" layer in "RNA" assay yielded no results; utilizing "counts" layer instead.
Scale for y is already present.
Adding another scale for y, which will replace the existing scale.
Warning: Default search for "data" layer in "RNA" assay yielded no results; utilizing "counts" layer instead.
Scale for y is already present.
Adding another scale for y, which will replace the existing scale.
Warning: Default search for "data" layer in "RNA" assay yielded no results; utilizing "counts" layer instead.
Scale for y is already present.
Adding another scale for y, which will replace the existing scale.
Do heatmap based on a single object 

Do heatmap based on a single object 

Do heatmap based on a single object 

Plot the aggregated cell-cell communication network at the signaling pathway level
Plot the aggregated cell-cell communication network at the signaling pathway level
Plot the aggregated cell-cell communication network at the signaling pathway level
Warning: Default search for "data" layer in "RNA" assay yielded no results; utilizing "counts" layer instead.
Scale for y is already present.
Adding another scale for y, which will replace the existing scale.
Warning: Default search for "data" layer in "RNA" assay yielded no results; utilizing "counts" layer instead.
Scale for y is already present.
Adding another scale for y, which will replace the existing scale.
Warning: Default search for "data" layer in "RNA" assay yielded no results; utilizing "counts" layer instead.
Scale for y is already present.
Adding another scale for y, which will replace the existing scale.
Warning: Default search for "data" layer in "RNA" assay yielded no results; utilizing "counts" layer instead.
Scale for y is already present.
Adding another scale for y, which will replace the existing scale.
Warning: Default search for "data" layer in "RNA" assay yielded no results; utilizing "counts" layer instead.
Scale for y is already present.
Adding another scale for y, which will replace the existing scale.
Warning: Default search for "data" layer in "RNA" assay yielded no results; utilizing "counts" layer instead.
Scale for y is already present.
Adding another scale for y, which will replace the existing scale.
Warning: Default search for "data" layer in "RNA" assay yielded no results; utilizing "counts" layer instead.
Scale for y is already present.
Adding another scale for y, which will replace the existing scale.
Warning: Default search for "data" layer in "RNA" assay yielded no results; utilizing "counts" layer instead.
Scale for y is already present.
Adding another scale for y, which will replace the existing scale.
Warning: Default search for "data" layer in "RNA" assay yielded no results; utilizing "counts" layer instead.
Scale for y is already present.
Adding another scale for y, which will replace the existing scale.
Warning: Default search for "data" layer in "RNA" assay yielded no results; utilizing "counts" layer instead.
Scale for y is already present.
Adding another scale for y, which will replace the existing scale.
Warning: Default search for "data" layer in "RNA" assay yielded no results; utilizing "counts" layer instead.
Scale for y is already present.
Adding another scale for y, which will replace the existing scale.
Warning: Default search for "data" layer in "RNA" assay yielded no results; utilizing "counts" layer instead.
Scale for y is already present.
Adding another scale for y, which will replace the existing scale.
Do heatmap based on a single object 

Do heatmap based on a single object 

Do heatmap based on a single object 

Plot the aggregated cell-cell communication network at the signaling pathway level
Plot the aggregated cell-cell communication network at the signaling pathway level
Plot the aggregated cell-cell communication network at the signaling pathway level
Warning: Default search for "data" layer in "RNA" assay yielded no results; utilizing "counts" layer instead.
Scale for y is already present.
Adding another scale for y, which will replace the existing scale.
Warning: Default search for "data" layer in "RNA" assay yielded no results; utilizing "counts" layer instead.
Scale for y is already present.
Adding another scale for y, which will replace the existing scale.
Warning: Default search for "data" layer in "RNA" assay yielded no results; utilizing "counts" layer instead.
Scale for y is already present.
Adding another scale for y, which will replace the existing scale.
Warning: Default search for "data" layer in "RNA" assay yielded no results; utilizing "counts" layer instead.
Scale for y is already present.
Adding another scale for y, which will replace the existing scale.
Warning: Default search for "data" layer in "RNA" assay yielded no results; utilizing "counts" layer instead.
Scale for y is already present.
Adding another scale for y, which will replace the existing scale.
Warning: Default search for "data" layer in "RNA" assay yielded no results; utilizing "counts" layer instead.
Scale for y is already present.
Adding another scale for y, which will replace the existing scale.
Warning: Default search for "data" layer in "RNA" assay yielded no results; utilizing "counts" layer instead.
Scale for y is already present.
Adding another scale for y, which will replace the existing scale.
Warning: Default search for "data" layer in "RNA" assay yielded no results; utilizing "counts" layer instead.
Scale for y is already present.
Adding another scale for y, which will replace the existing scale.
Warning: Default search for "data" layer in "RNA" assay yielded no results; utilizing "counts" layer instead.
Scale for y is already present.
Adding another scale for y, which will replace the existing scale.
Warning: Default search for "data" layer in "RNA" assay yielded no results; utilizing "counts" layer instead.
Scale for y is already present.
Adding another scale for y, which will replace the existing scale.
Warning: Default search for "data" layer in "RNA" assay yielded no results; utilizing "counts" layer instead.
Scale for y is already present.
Adding another scale for y, which will replace the existing scale.
Warning: Default search for "data" layer in "RNA" assay yielded no results; utilizing "counts" layer instead.
Scale for y is already present.
Adding another scale for y, which will replace the existing scale.
Warning: Default search for "data" layer in "RNA" assay yielded no results; utilizing "counts" layer instead.
Scale for y is already present.
Adding another scale for y, which will replace the existing scale.
Warning: Default search for "data" layer in "RNA" assay yielded no results; utilizing "counts" layer instead.
Scale for y is already present.
Adding another scale for y, which will replace the existing scale.
Warning: Default search for "data" layer in "RNA" assay yielded no results; utilizing "counts" layer instead.
Scale for y is already present.
Adding another scale for y, which will replace the existing scale.
Do heatmap based on a single object 

Do heatmap based on a single object 

Do heatmap based on a single object 

Plot the aggregated cell-cell communication network at the signaling pathway level
Plot the aggregated cell-cell communication network at the signaling pathway level
Plot the aggregated cell-cell communication network at the signaling pathway level
Warning: Default search for "data" layer in "RNA" assay yielded no results; utilizing "counts" layer instead.
Scale for y is already present.
Adding another scale for y, which will replace the existing scale.
Warning: Default search for "data" layer in "RNA" assay yielded no results; utilizing "counts" layer instead.
Scale for y is already present.
Adding another scale for y, which will replace the existing scale.
Warning: Default search for "data" layer in "RNA" assay yielded no results; utilizing "counts" layer instead.
Scale for y is already present.
Adding another scale for y, which will replace the existing scale.
Warning: Default search for "data" layer in "RNA" assay yielded no results; utilizing "counts" layer instead.
Scale for y is already present.
Adding another scale for y, which will replace the existing scale.
Warning: Default search for "data" layer in "RNA" assay yielded no results; utilizing "counts" layer instead.
Scale for y is already present.
Adding another scale for y, which will replace the existing scale.
Warning: Default search for "data" layer in "RNA" assay yielded no results; utilizing "counts" layer instead.
Scale for y is already present.
Adding another scale for y, which will replace the existing scale.
Warning: Default search for "data" layer in "RNA" assay yielded no results; utilizing "counts" layer instead.
Scale for y is already present.
Adding another scale for y, which will replace the existing scale.
Warning: Default search for "data" layer in "RNA" assay yielded no results; utilizing "counts" layer instead.
Scale for y is already present.
Adding another scale for y, which will replace the existing scale.
Warning: Default search for "data" layer in "RNA" assay yielded no results; utilizing "counts" layer instead.
Scale for y is already present.
Adding another scale for y, which will replace the existing scale.
Warning: Default search for "data" layer in "RNA" assay yielded no results; utilizing "counts" layer instead.
Scale for y is already present.
Adding another scale for y, which will replace the existing scale.
Warning: Default search for "data" layer in "RNA" assay yielded no results; utilizing "counts" layer instead.
Scale for y is already present.
Adding another scale for y, which will replace the existing scale.
Warning: Default search for "data" layer in "RNA" assay yielded no results; utilizing "counts" layer instead.
Scale for y is already present.
Adding another scale for y, which will replace the existing scale.
Do heatmap based on a single object 

Do heatmap based on a single object 

Do heatmap based on a single object 

Plot the aggregated cell-cell communication network at the signaling pathway level
Plot the aggregated cell-cell communication network at the signaling pathway level
Plot the aggregated cell-cell communication network at the signaling pathway level
Warning: Default search for "data" layer in "RNA" assay yielded no results; utilizing "counts" layer instead.
Scale for y is already present.
Adding another scale for y, which will replace the existing scale.
Warning: Default search for "data" layer in "RNA" assay yielded no results; utilizing "counts" layer instead.
Scale for y is already present.
Adding another scale for y, which will replace the existing scale.
Warning: Default search for "data" layer in "RNA" assay yielded no results; utilizing "counts" layer instead.
Scale for y is already present.
Adding another scale for y, which will replace the existing scale.
Warning: Default search for "data" layer in "RNA" assay yielded no results; utilizing "counts" layer instead.
Scale for y is already present.
Adding another scale for y, which will replace the existing scale.
Warning: Default search for "data" layer in "RNA" assay yielded no results; utilizing "counts" layer instead.
Scale for y is already present.
Adding another scale for y, which will replace the existing scale.
Warning: Default search for "data" layer in "RNA" assay yielded no results; utilizing "counts" layer instead.
Scale for y is already present.
Adding another scale for y, which will replace the existing scale.
Do heatmap based on a single object 

Do heatmap based on a single object 

Do heatmap based on a single object 

Plot the aggregated cell-cell communication network at the signaling pathway level
Plot the aggregated cell-cell communication network at the signaling pathway level
Plot the aggregated cell-cell communication network at the signaling pathway level
Warning: Default search for "data" layer in "RNA" assay yielded no results; utilizing "counts" layer instead.
Scale for y is already present.
Adding another scale for y, which will replace the existing scale.
Warning: Default search for "data" layer in "RNA" assay yielded no results; utilizing "counts" layer instead.
Scale for y is already present.
Adding another scale for y, which will replace the existing scale.
Warning: Default search for "data" layer in "RNA" assay yielded no results; utilizing "counts" layer instead.
Scale for y is already present.
Adding another scale for y, which will replace the existing scale.
Warning: Default search for "data" layer in "RNA" assay yielded no results; utilizing "counts" layer instead.
Scale for y is already present.
Adding another scale for y, which will replace the existing scale.
Warning: Default search for "data" layer in "RNA" assay yielded no results; utilizing "counts" layer instead.
Scale for y is already present.
Adding another scale for y, which will replace the existing scale.
Warning: Default search for "data" layer in "RNA" assay yielded no results; utilizing "counts" layer instead.
Scale for y is already present.
Adding another scale for y, which will replace the existing scale.
Do heatmap based on a single object 

Do heatmap based on a single object 

Do heatmap based on a single object 

Plot the aggregated cell-cell communication network at the signaling pathway level
Plot the aggregated cell-cell communication network at the signaling pathway level
Plot the aggregated cell-cell communication network at the signaling pathway level
Warning: Default search for "data" layer in "RNA" assay yielded no results; utilizing "counts" layer instead.
Scale for y is already present.
Adding another scale for y, which will replace the existing scale.
Warning: Default search for "data" layer in "RNA" assay yielded no results; utilizing "counts" layer instead.
Scale for y is already present.
Adding another scale for y, which will replace the existing scale.
Warning: Default search for "data" layer in "RNA" assay yielded no results; utilizing "counts" layer instead.
Scale for y is already present.
Adding another scale for y, which will replace the existing scale.
Warning: Default search for "data" layer in "RNA" assay yielded no results; utilizing "counts" layer instead.
Scale for y is already present.
Adding another scale for y, which will replace the existing scale.
Warning: Default search for "data" layer in "RNA" assay yielded no results; utilizing "counts" layer instead.
Scale for y is already present.
Adding another scale for y, which will replace the existing scale.
Warning: Default search for "data" layer in "RNA" assay yielded no results; utilizing "counts" layer instead.
Scale for y is already present.
Adding another scale for y, which will replace the existing scale.
Warning: Default search for "data" layer in "RNA" assay yielded no results; utilizing "counts" layer instead.
Scale for y is already present.
Adding another scale for y, which will replace the existing scale.
Warning: Default search for "data" layer in "RNA" assay yielded no results; utilizing "counts" layer instead.
Scale for y is already present.
Adding another scale for y, which will replace the existing scale.
Warning: Default search for "data" layer in "RNA" assay yielded no results; utilizing "counts" layer instead.
Scale for y is already present.
Adding another scale for y, which will replace the existing scale.
Warning: Default search for "data" layer in "RNA" assay yielded no results; utilizing "counts" layer instead.
Scale for y is already present.
Adding another scale for y, which will replace the existing scale.
Warning: Default search for "data" layer in "RNA" assay yielded no results; utilizing "counts" layer instead.
Scale for y is already present.
Adding another scale for y, which will replace the existing scale.
Warning: Default search for "data" layer in "RNA" assay yielded no results; utilizing "counts" layer instead.
Scale for y is already present.
Adding another scale for y, which will replace the existing scale.
Warning: Default search for "data" layer in "RNA" assay yielded no results; utilizing "counts" layer instead.
Scale for y is already present.
Adding another scale for y, which will replace the existing scale.
Warning: Default search for "data" layer in "RNA" assay yielded no results; utilizing "counts" layer instead.
Scale for y is already present.
Adding another scale for y, which will replace the existing scale.
Warning: Default search for "data" layer in "RNA" assay yielded no results; utilizing "counts" layer instead.
Scale for y is already present.
Adding another scale for y, which will replace the existing scale.
Warning: Default search for "data" layer in "RNA" assay yielded no results; utilizing "counts" layer instead.
Scale for y is already present.
Adding another scale for y, which will replace the existing scale.
Warning: Default search for "data" layer in "RNA" assay yielded no results; utilizing "counts" layer instead.
Scale for y is already present.
Adding another scale for y, which will replace the existing scale.
Warning: Default search for "data" layer in "RNA" assay yielded no results; utilizing "counts" layer instead.
Scale for y is already present.
Adding another scale for y, which will replace the existing scale.
Warning: Default search for "data" layer in "RNA" assay yielded no results; utilizing "counts" layer instead.
Scale for y is already present.
Adding another scale for y, which will replace the existing scale.
Warning: Default search for "data" layer in "RNA" assay yielded no results; utilizing "counts" layer instead.
Scale for y is already present.
Adding another scale for y, which will replace the existing scale.
Warning: Default search for "data" layer in "RNA" assay yielded no results; utilizing "counts" layer instead.
Scale for y is already present.
Adding another scale for y, which will replace the existing scale.
Do heatmap based on a single object 

Do heatmap based on a single object 

Do heatmap based on a single object 

Plot the aggregated cell-cell communication network at the signaling pathway level
Plot the aggregated cell-cell communication network at the signaling pathway level
Plot the aggregated cell-cell communication network at the signaling pathway level
Warning: Default search for "data" layer in "RNA" assay yielded no results; utilizing "counts" layer instead.
Scale for y is already present.
Adding another scale for y, which will replace the existing scale.
Warning: Default search for "data" layer in "RNA" assay yielded no results; utilizing "counts" layer instead.
Scale for y is already present.
Adding another scale for y, which will replace the existing scale.
Warning: Default search for "data" layer in "RNA" assay yielded no results; utilizing "counts" layer instead.
Scale for y is already present.
Adding another scale for y, which will replace the existing scale.
Warning: Default search for "data" layer in "RNA" assay yielded no results; utilizing "counts" layer instead.
Scale for y is already present.
Adding another scale for y, which will replace the existing scale.
Warning: Default search for "data" layer in "RNA" assay yielded no results; utilizing "counts" layer instead.
Scale for y is already present.
Adding another scale for y, which will replace the existing scale.
Warning: Default search for "data" layer in "RNA" assay yielded no results; utilizing "counts" layer instead.
Scale for y is already present.
Adding another scale for y, which will replace the existing scale.
Warning: Default search for "data" layer in "RNA" assay yielded no results; utilizing "counts" layer instead.
Scale for y is already present.
Adding another scale for y, which will replace the existing scale.
Warning: Default search for "data" layer in "RNA" assay yielded no results; utilizing "counts" layer instead.
Scale for y is already present.
Adding another scale for y, which will replace the existing scale.
Warning: Default search for "data" layer in "RNA" assay yielded no results; utilizing "counts" layer instead.
Scale for y is already present.
Adding another scale for y, which will replace the existing scale.
Warning: Default search for "data" layer in "RNA" assay yielded no results; utilizing "counts" layer instead.
Scale for y is already present.
Adding another scale for y, which will replace the existing scale.
Warning: Default search for "data" layer in "RNA" assay yielded no results; utilizing "counts" layer instead.
Scale for y is already present.
Adding another scale for y, which will replace the existing scale.
Warning: Default search for "data" layer in "RNA" assay yielded no results; utilizing "counts" layer instead.
Scale for y is already present.
Adding another scale for y, which will replace the existing scale.
Warning: Default search for "data" layer in "RNA" assay yielded no results; utilizing "counts" layer instead.
Scale for y is already present.
Adding another scale for y, which will replace the existing scale.
Warning: Default search for "data" layer in "RNA" assay yielded no results; utilizing "counts" layer instead.
Scale for y is already present.
Adding another scale for y, which will replace the existing scale.
Warning: Default search for "data" layer in "RNA" assay yielded no results; utilizing "counts" layer instead.
Scale for y is already present.
Adding another scale for y, which will replace the existing scale.
Do heatmap based on a single object 

Do heatmap based on a single object 

Do heatmap based on a single object 

Plot the aggregated cell-cell communication network at the signaling pathway level
Plot the aggregated cell-cell communication network at the signaling pathway level
Plot the aggregated cell-cell communication network at the signaling pathway level
Warning: Default search for "data" layer in "RNA" assay yielded no results; utilizing "counts" layer instead.
Scale for y is already present.
Adding another scale for y, which will replace the existing scale.
Warning: Default search for "data" layer in "RNA" assay yielded no results; utilizing "counts" layer instead.
Scale for y is already present.
Adding another scale for y, which will replace the existing scale.
Warning: Default search for "data" layer in "RNA" assay yielded no results; utilizing "counts" layer instead.
Scale for y is already present.
Adding another scale for y, which will replace the existing scale.
Warning: Default search for "data" layer in "RNA" assay yielded no results; utilizing "counts" layer instead.
Scale for y is already present.
Adding another scale for y, which will replace the existing scale.
Warning: Default search for "data" layer in "RNA" assay yielded no results; utilizing "counts" layer instead.
Scale for y is already present.
Adding another scale for y, which will replace the existing scale.
Warning: Default search for "data" layer in "RNA" assay yielded no results; utilizing "counts" layer instead.
Scale for y is already present.
Adding another scale for y, which will replace the existing scale.
Do heatmap based on a single object 

Do heatmap based on a single object 

Do heatmap based on a single object 

Plot the aggregated cell-cell communication network at the signaling pathway level
Plot the aggregated cell-cell communication network at the signaling pathway level
Plot the aggregated cell-cell communication network at the signaling pathway level
Warning: Default search for "data" layer in "RNA" assay yielded no results; utilizing "counts" layer instead.
Scale for y is already present.
Adding another scale for y, which will replace the existing scale.
Warning: Default search for "data" layer in "RNA" assay yielded no results; utilizing "counts" layer instead.
Scale for y is already present.
Adding another scale for y, which will replace the existing scale.
Warning: Default search for "data" layer in "RNA" assay yielded no results; utilizing "counts" layer instead.
Scale for y is already present.
Adding another scale for y, which will replace the existing scale.
Warning: Default search for "data" layer in "RNA" assay yielded no results; utilizing "counts" layer instead.
Scale for y is already present.
Adding another scale for y, which will replace the existing scale.
Warning: Default search for "data" layer in "RNA" assay yielded no results; utilizing "counts" layer instead.
Scale for y is already present.
Adding another scale for y, which will replace the existing scale.
Warning: Default search for "data" layer in "RNA" assay yielded no results; utilizing "counts" layer instead.
Scale for y is already present.
Adding another scale for y, which will replace the existing scale.
Warning: Default search for "data" layer in "RNA" assay yielded no results; utilizing "counts" layer instead.
Scale for y is already present.
Adding another scale for y, which will replace the existing scale.
Warning: Default search for "data" layer in "RNA" assay yielded no results; utilizing "counts" layer instead.
Scale for y is already present.
Adding another scale for y, which will replace the existing scale.
Warning: Default search for "data" layer in "RNA" assay yielded no results; utilizing "counts" layer instead.
Scale for y is already present.
Adding another scale for y, which will replace the existing scale.
Warning: Default search for "data" layer in "RNA" assay yielded no results; utilizing "counts" layer instead.
Scale for y is already present.
Adding another scale for y, which will replace the existing scale.
Warning: Default search for "data" layer in "RNA" assay yielded no results; utilizing "counts" layer instead.
Scale for y is already present.
Adding another scale for y, which will replace the existing scale.
Warning: Default search for "data" layer in "RNA" assay yielded no results; utilizing "counts" layer instead.
Scale for y is already present.
Adding another scale for y, which will replace the existing scale.
Do heatmap based on a single object 

Do heatmap based on a single object 

Do heatmap based on a single object 

Plot the aggregated cell-cell communication network at the signaling pathway level
Plot the aggregated cell-cell communication network at the signaling pathway level
Plot the aggregated cell-cell communication network at the signaling pathway level
Warning: Default search for "data" layer in "RNA" assay yielded no results; utilizing "counts" layer instead.
Scale for y is already present.
Adding another scale for y, which will replace the existing scale.
Warning: Default search for "data" layer in "RNA" assay yielded no results; utilizing "counts" layer instead.
Scale for y is already present.
Adding another scale for y, which will replace the existing scale.
Warning: Default search for "data" layer in "RNA" assay yielded no results; utilizing "counts" layer instead.
Scale for y is already present.
Adding another scale for y, which will replace the existing scale.
Warning: Default search for "data" layer in "RNA" assay yielded no results; utilizing "counts" layer instead.
Scale for y is already present.
Adding another scale for y, which will replace the existing scale.
Warning: Default search for "data" layer in "RNA" assay yielded no results; utilizing "counts" layer instead.
Scale for y is already present.
Adding another scale for y, which will replace the existing scale.
Warning: Default search for "data" layer in "RNA" assay yielded no results; utilizing "counts" layer instead.
Scale for y is already present.
Adding another scale for y, which will replace the existing scale.
Warning: Default search for "data" layer in "RNA" assay yielded no results; utilizing "counts" layer instead.
Scale for y is already present.
Adding another scale for y, which will replace the existing scale.
Warning: Default search for "data" layer in "RNA" assay yielded no results; utilizing "counts" layer instead.
Scale for y is already present.
Adding another scale for y, which will replace the existing scale.
Warning: Default search for "data" layer in "RNA" assay yielded no results; utilizing "counts" layer instead.
Scale for y is already present.
Adding another scale for y, which will replace the existing scale.
Warning: Default search for "data" layer in "RNA" assay yielded no results; utilizing "counts" layer instead.
Scale for y is already present.
Adding another scale for y, which will replace the existing scale.
Warning: Default search for "data" layer in "RNA" assay yielded no results; utilizing "counts" layer instead.
Scale for y is already present.
Adding another scale for y, which will replace the existing scale.
Warning: Default search for "data" layer in "RNA" assay yielded no results; utilizing "counts" layer instead.
Scale for y is already present.
Adding another scale for y, which will replace the existing scale.
Warning: Default search for "data" layer in "RNA" assay yielded no results; utilizing "counts" layer instead.
Scale for y is already present.
Adding another scale for y, which will replace the existing scale.
Warning: Default search for "data" layer in "RNA" assay yielded no results; utilizing "counts" layer instead.
Scale for y is already present.
Adding another scale for y, which will replace the existing scale.
Warning: Default search for "data" layer in "RNA" assay yielded no results; utilizing "counts" layer instead.
Scale for y is already present.
Adding another scale for y, which will replace the existing scale.
Do heatmap based on a single object 

Do heatmap based on a single object 

Do heatmap based on a single object 

Plot the aggregated cell-cell communication network at the signaling pathway level
Plot the aggregated cell-cell communication network at the signaling pathway level
Plot the aggregated cell-cell communication network at the signaling pathway level
Warning: Default search for "data" layer in "RNA" assay yielded no results; utilizing "counts" layer instead.
Scale for y is already present.
Adding another scale for y, which will replace the existing scale.
Warning: Default search for "data" layer in "RNA" assay yielded no results; utilizing "counts" layer instead.
Scale for y is already present.
Adding another scale for y, which will replace the existing scale.
Warning: Default search for "data" layer in "RNA" assay yielded no results; utilizing "counts" layer instead.
Scale for y is already present.
Adding another scale for y, which will replace the existing scale.
Warning: Default search for "data" layer in "RNA" assay yielded no results; utilizing "counts" layer instead.
Scale for y is already present.
Adding another scale for y, which will replace the existing scale.
Warning: Default search for "data" layer in "RNA" assay yielded no results; utilizing "counts" layer instead.
Scale for y is already present.
Adding another scale for y, which will replace the existing scale.
Warning: Default search for "data" layer in "RNA" assay yielded no results; utilizing "counts" layer instead.
Scale for y is already present.
Adding another scale for y, which will replace the existing scale.
Warning: Default search for "data" layer in "RNA" assay yielded no results; utilizing "counts" layer instead.
Scale for y is already present.
Adding another scale for y, which will replace the existing scale.
Warning: Default search for "data" layer in "RNA" assay yielded no results; utilizing "counts" layer instead.
Scale for y is already present.
Adding another scale for y, which will replace the existing scale.
Warning: Default search for "data" layer in "RNA" assay yielded no results; utilizing "counts" layer instead.
Scale for y is already present.
Adding another scale for y, which will replace the existing scale.
Do heatmap based on a single object 

Do heatmap based on a single object 

Do heatmap based on a single object 

Plot the aggregated cell-cell communication network at the signaling pathway level
Plot the aggregated cell-cell communication network at the signaling pathway level
Plot the aggregated cell-cell communication network at the signaling pathway level
Warning: Default search for "data" layer in "RNA" assay yielded no results; utilizing "counts" layer instead.
Scale for y is already present.
Adding another scale for y, which will replace the existing scale.
Warning: Default search for "data" layer in "RNA" assay yielded no results; utilizing "counts" layer instead.
Scale for y is already present.
Adding another scale for y, which will replace the existing scale.
Warning: Default search for "data" layer in "RNA" assay yielded no results; utilizing "counts" layer instead.
Scale for y is already present.
Adding another scale for y, which will replace the existing scale.
Warning: Default search for "data" layer in "RNA" assay yielded no results; utilizing "counts" layer instead.
Scale for y is already present.
Adding another scale for y, which will replace the existing scale.
Warning: Default search for "data" layer in "RNA" assay yielded no results; utilizing "counts" layer instead.
Scale for y is already present.
Adding another scale for y, which will replace the existing scale.
Warning: Default search for "data" layer in "RNA" assay yielded no results; utilizing "counts" layer instead.
Scale for y is already present.
Adding another scale for y, which will replace the existing scale.
Warning: Default search for "data" layer in "RNA" assay yielded no results; utilizing "counts" layer instead.
Scale for y is already present.
Adding another scale for y, which will replace the existing scale.
Warning: Default search for "data" layer in "RNA" assay yielded no results; utilizing "counts" layer instead.
Scale for y is already present.
Adding another scale for y, which will replace the existing scale.
Warning: Default search for "data" layer in "RNA" assay yielded no results; utilizing "counts" layer instead.
Scale for y is already present.
Adding another scale for y, which will replace the existing scale.
Warning: Default search for "data" layer in "RNA" assay yielded no results; utilizing "counts" layer instead.
Scale for y is already present.
Adding another scale for y, which will replace the existing scale.
Warning: Default search for "data" layer in "RNA" assay yielded no results; utilizing "counts" layer instead.
Scale for y is already present.
Adding another scale for y, which will replace the existing scale.
Warning: Default search for "data" layer in "RNA" assay yielded no results; utilizing "counts" layer instead.
Scale for y is already present.
Adding another scale for y, which will replace the existing scale.
Do heatmap based on a single object 

Do heatmap based on a single object 

Do heatmap based on a single object 

Plot the aggregated cell-cell communication network at the signaling pathway level
Plot the aggregated cell-cell communication network at the signaling pathway level
Plot the aggregated cell-cell communication network at the signaling pathway level
Warning: Default search for "data" layer in "RNA" assay yielded no results; utilizing "counts" layer instead.
Scale for y is already present.
Adding another scale for y, which will replace the existing scale.
Warning: Default search for "data" layer in "RNA" assay yielded no results; utilizing "counts" layer instead.
Scale for y is already present.
Adding another scale for y, which will replace the existing scale.
Warning: Default search for "data" layer in "RNA" assay yielded no results; utilizing "counts" layer instead.
Scale for y is already present.
Adding another scale for y, which will replace the existing scale.
Warning: Default search for "data" layer in "RNA" assay yielded no results; utilizing "counts" layer instead.
Scale for y is already present.
Adding another scale for y, which will replace the existing scale.
Warning: Default search for "data" layer in "RNA" assay yielded no results; utilizing "counts" layer instead.
Scale for y is already present.
Adding another scale for y, which will replace the existing scale.
Warning: Default search for "data" layer in "RNA" assay yielded no results; utilizing "counts" layer instead.
Scale for y is already present.
Adding another scale for y, which will replace the existing scale.
Do heatmap based on a single object 

Do heatmap based on a single object 

Do heatmap based on a single object 

Plot the aggregated cell-cell communication network at the signaling pathway level
Plot the aggregated cell-cell communication network at the signaling pathway level
Plot the aggregated cell-cell communication network at the signaling pathway level
Warning: Default search for "data" layer in "RNA" assay yielded no results; utilizing "counts" layer instead.
Scale for y is already present.
Adding another scale for y, which will replace the existing scale.
Warning: Default search for "data" layer in "RNA" assay yielded no results; utilizing "counts" layer instead.
Scale for y is already present.
Adding another scale for y, which will replace the existing scale.
Warning: Default search for "data" layer in "RNA" assay yielded no results; utilizing "counts" layer instead.
Scale for y is already present.
Adding another scale for y, which will replace the existing scale.
Warning: Default search for "data" layer in "RNA" assay yielded no results; utilizing "counts" layer instead.
Scale for y is already present.
Adding another scale for y, which will replace the existing scale.
Warning: Default search for "data" layer in "RNA" assay yielded no results; utilizing "counts" layer instead.
Scale for y is already present.
Adding another scale for y, which will replace the existing scale.
Warning: Default search for "data" layer in "RNA" assay yielded no results; utilizing "counts" layer instead.
Scale for y is already present.
Adding another scale for y, which will replace the existing scale.
Do heatmap based on a single object 

Do heatmap based on a single object 

Do heatmap based on a single object 

Plot the aggregated cell-cell communication network at the signaling pathway level
Plot the aggregated cell-cell communication network at the signaling pathway level
Plot the aggregated cell-cell communication network at the signaling pathway level
Warning: Default search for "data" layer in "RNA" assay yielded no results; utilizing "counts" layer instead.
Scale for y is already present.
Adding another scale for y, which will replace the existing scale.
Warning: Default search for "data" layer in "RNA" assay yielded no results; utilizing "counts" layer instead.
Scale for y is already present.
Adding another scale for y, which will replace the existing scale.
Warning: Default search for "data" layer in "RNA" assay yielded no results; utilizing "counts" layer instead.
Scale for y is already present.
Adding another scale for y, which will replace the existing scale.
Warning: Default search for "data" layer in "RNA" assay yielded no results; utilizing "counts" layer instead.
Scale for y is already present.
Adding another scale for y, which will replace the existing scale.
Warning: Default search for "data" layer in "RNA" assay yielded no results; utilizing "counts" layer instead.
Scale for y is already present.
Adding another scale for y, which will replace the existing scale.
Warning: Default search for "data" layer in "RNA" assay yielded no results; utilizing "counts" layer instead.
Scale for y is already present.
Adding another scale for y, which will replace the existing scale.
Warning: Default search for "data" layer in "RNA" assay yielded no results; utilizing "counts" layer instead.
Scale for y is already present.
Adding another scale for y, which will replace the existing scale.
Warning: Default search for "data" layer in "RNA" assay yielded no results; utilizing "counts" layer instead.
Scale for y is already present.
Adding another scale for y, which will replace the existing scale.
Warning: Default search for "data" layer in "RNA" assay yielded no results; utilizing "counts" layer instead.
Scale for y is already present.
Adding another scale for y, which will replace the existing scale.
Warning: Default search for "data" layer in "RNA" assay yielded no results; utilizing "counts" layer instead.
Scale for y is already present.
Adding another scale for y, which will replace the existing scale.
Warning: Default search for "data" layer in "RNA" assay yielded no results; utilizing "counts" layer instead.
Scale for y is already present.
Adding another scale for y, which will replace the existing scale.
Warning: Default search for "data" layer in "RNA" assay yielded no results; utilizing "counts" layer instead.
Scale for y is already present.
Adding another scale for y, which will replace the existing scale.
Do heatmap based on a single object 

Do heatmap based on a single object 

Do heatmap based on a single object 

Plot the aggregated cell-cell communication network at the signaling pathway level
Plot the aggregated cell-cell communication network at the signaling pathway level
Plot the aggregated cell-cell communication network at the signaling pathway level
Warning: Default search for "data" layer in "RNA" assay yielded no results; utilizing "counts" layer instead.
Scale for y is already present.
Adding another scale for y, which will replace the existing scale.
Warning: Default search for "data" layer in "RNA" assay yielded no results; utilizing "counts" layer instead.
Scale for y is already present.
Adding another scale for y, which will replace the existing scale.
Warning: Default search for "data" layer in "RNA" assay yielded no results; utilizing "counts" layer instead.
Scale for y is already present.
Adding another scale for y, which will replace the existing scale.
Warning: Default search for "data" layer in "RNA" assay yielded no results; utilizing "counts" layer instead.
Scale for y is already present.
Adding another scale for y, which will replace the existing scale.
Warning: Default search for "data" layer in "RNA" assay yielded no results; utilizing "counts" layer instead.
Scale for y is already present.
Adding another scale for y, which will replace the existing scale.
Warning: Default search for "data" layer in "RNA" assay yielded no results; utilizing "counts" layer instead.
Scale for y is already present.
Adding another scale for y, which will replace the existing scale.
Warning: Default search for "data" layer in "RNA" assay yielded no results; utilizing "counts" layer instead.
Scale for y is already present.
Adding another scale for y, which will replace the existing scale.
Warning: Default search for "data" layer in "RNA" assay yielded no results; utilizing "counts" layer instead.
Scale for y is already present.
Adding another scale for y, which will replace the existing scale.
Warning: Default search for "data" layer in "RNA" assay yielded no results; utilizing "counts" layer instead.
Scale for y is already present.
Adding another scale for y, which will replace the existing scale.
Warning: Default search for "data" layer in "RNA" assay yielded no results; utilizing "counts" layer instead.
Scale for y is already present.
Adding another scale for y, which will replace the existing scale.
Warning: Default search for "data" layer in "RNA" assay yielded no results; utilizing "counts" layer instead.
Scale for y is already present.
Adding another scale for y, which will replace the existing scale.
Warning: Default search for "data" layer in "RNA" assay yielded no results; utilizing "counts" layer instead.
Scale for y is already present.
Adding another scale for y, which will replace the existing scale.
Warning: Default search for "data" layer in "RNA" assay yielded no results; utilizing "counts" layer instead.
Scale for y is already present.
Adding another scale for y, which will replace the existing scale.
Warning: Default search for "data" layer in "RNA" assay yielded no results; utilizing "counts" layer instead.
Scale for y is already present.
Adding another scale for y, which will replace the existing scale.
Warning: Default search for "data" layer in "RNA" assay yielded no results; utilizing "counts" layer instead.
Scale for y is already present.
Adding another scale for y, which will replace the existing scale.
Do heatmap based on a single object 

Do heatmap based on a single object 

Do heatmap based on a single object 

Plot the aggregated cell-cell communication network at the signaling pathway level
Plot the aggregated cell-cell communication network at the signaling pathway level
Plot the aggregated cell-cell communication network at the signaling pathway level
Warning: Default search for "data" layer in "RNA" assay yielded no results; utilizing "counts" layer instead.
Scale for y is already present.
Adding another scale for y, which will replace the existing scale.
Warning: Default search for "data" layer in "RNA" assay yielded no results; utilizing "counts" layer instead.
Scale for y is already present.
Adding another scale for y, which will replace the existing scale.
Warning: Default search for "data" layer in "RNA" assay yielded no results; utilizing "counts" layer instead.
Scale for y is already present.
Adding another scale for y, which will replace the existing scale.
Warning: Default search for "data" layer in "RNA" assay yielded no results; utilizing "counts" layer instead.
Scale for y is already present.
Adding another scale for y, which will replace the existing scale.
Warning: Default search for "data" layer in "RNA" assay yielded no results; utilizing "counts" layer instead.
Scale for y is already present.
Adding another scale for y, which will replace the existing scale.
Warning: Default search for "data" layer in "RNA" assay yielded no results; utilizing "counts" layer instead.
Scale for y is already present.
Adding another scale for y, which will replace the existing scale.
Warning: Default search for "data" layer in "RNA" assay yielded no results; utilizing "counts" layer instead.
Scale for y is already present.
Adding another scale for y, which will replace the existing scale.
Warning: Default search for "data" layer in "RNA" assay yielded no results; utilizing "counts" layer instead.
Scale for y is already present.
Adding another scale for y, which will replace the existing scale.
Warning: Default search for "data" layer in "RNA" assay yielded no results; utilizing "counts" layer instead.
Scale for y is already present.
Adding another scale for y, which will replace the existing scale.
Do heatmap based on a single object 

Do heatmap based on a single object 

Do heatmap based on a single object 

Plot the aggregated cell-cell communication network at the signaling pathway level
Plot the aggregated cell-cell communication network at the signaling pathway level
Plot the aggregated cell-cell communication network at the signaling pathway level
Warning: Default search for "data" layer in "RNA" assay yielded no results; utilizing "counts" layer instead.
Scale for y is already present.
Adding another scale for y, which will replace the existing scale.
Warning: Default search for "data" layer in "RNA" assay yielded no results; utilizing "counts" layer instead.
Scale for y is already present.
Adding another scale for y, which will replace the existing scale.
Warning: Default search for "data" layer in "RNA" assay yielded no results; utilizing "counts" layer instead.
Scale for y is already present.
Adding another scale for y, which will replace the existing scale.
Warning: Default search for "data" layer in "RNA" assay yielded no results; utilizing "counts" layer instead.
Scale for y is already present.
Adding another scale for y, which will replace the existing scale.
Warning: Default search for "data" layer in "RNA" assay yielded no results; utilizing "counts" layer instead.
Scale for y is already present.
Adding another scale for y, which will replace the existing scale.
Warning: Default search for "data" layer in "RNA" assay yielded no results; utilizing "counts" layer instead.
Scale for y is already present.
Adding another scale for y, which will replace the existing scale.
Do heatmap based on a single object 

Do heatmap based on a single object 

Do heatmap based on a single object 

Plot the aggregated cell-cell communication network at the signaling pathway level
Plot the aggregated cell-cell communication network at the signaling pathway level
Plot the aggregated cell-cell communication network at the signaling pathway level
Warning: Default search for "data" layer in "RNA" assay yielded no results; utilizing "counts" layer instead.
Scale for y is already present.
Adding another scale for y, which will replace the existing scale.
Warning: Default search for "data" layer in "RNA" assay yielded no results; utilizing "counts" layer instead.
Scale for y is already present.
Adding another scale for y, which will replace the existing scale.
Warning: Default search for "data" layer in "RNA" assay yielded no results; utilizing "counts" layer instead.
Scale for y is already present.
Adding another scale for y, which will replace the existing scale.
Warning: Default search for "data" layer in "RNA" assay yielded no results; utilizing "counts" layer instead.
Scale for y is already present.
Adding another scale for y, which will replace the existing scale.
Warning: Default search for "data" layer in "RNA" assay yielded no results; utilizing "counts" layer instead.
Scale for y is already present.
Adding another scale for y, which will replace the existing scale.
Warning: Default search for "data" layer in "RNA" assay yielded no results; utilizing "counts" layer instead.
Scale for y is already present.
Adding another scale for y, which will replace the existing scale.
Do heatmap based on a single object 

Do heatmap based on a single object 

Do heatmap based on a single object 

Plot the aggregated cell-cell communication network at the signaling pathway level
Plot the aggregated cell-cell communication network at the signaling pathway level
Plot the aggregated cell-cell communication network at the signaling pathway level
Warning: Default search for "data" layer in "RNA" assay yielded no results; utilizing "counts" layer instead.
Scale for y is already present.
Adding another scale for y, which will replace the existing scale.
Warning: Default search for "data" layer in "RNA" assay yielded no results; utilizing "counts" layer instead.
Scale for y is already present.
Adding another scale for y, which will replace the existing scale.
Warning: Default search for "data" layer in "RNA" assay yielded no results; utilizing "counts" layer instead.
Scale for y is already present.
Adding another scale for y, which will replace the existing scale.
Warning: Default search for "data" layer in "RNA" assay yielded no results; utilizing "counts" layer instead.
Scale for y is already present.
Adding another scale for y, which will replace the existing scale.
Warning: Default search for "data" layer in "RNA" assay yielded no results; utilizing "counts" layer instead.
Scale for y is already present.
Adding another scale for y, which will replace the existing scale.
Warning: Default search for "data" layer in "RNA" assay yielded no results; utilizing "counts" layer instead.
Scale for y is already present.
Adding another scale for y, which will replace the existing scale.
Warning: Default search for "data" layer in "RNA" assay yielded no results; utilizing "counts" layer instead.
Scale for y is already present.
Adding another scale for y, which will replace the existing scale.
Warning: Default search for "data" layer in "RNA" assay yielded no results; utilizing "counts" layer instead.
Scale for y is already present.
Adding another scale for y, which will replace the existing scale.
Warning: Default search for "data" layer in "RNA" assay yielded no results; utilizing "counts" layer instead.
Scale for y is already present.
Adding another scale for y, which will replace the existing scale.
Do heatmap based on a single object 

Do heatmap based on a single object 

Do heatmap based on a single object 

Plot the aggregated cell-cell communication network at the signaling pathway level
Plot the aggregated cell-cell communication network at the signaling pathway level
Plot the aggregated cell-cell communication network at the signaling pathway level
Warning: Default search for "data" layer in "RNA" assay yielded no results; utilizing "counts" layer instead.
Scale for y is already present.
Adding another scale for y, which will replace the existing scale.
Warning: Default search for "data" layer in "RNA" assay yielded no results; utilizing "counts" layer instead.
Scale for y is already present.
Adding another scale for y, which will replace the existing scale.
Warning: Default search for "data" layer in "RNA" assay yielded no results; utilizing "counts" layer instead.
Scale for y is already present.
Adding another scale for y, which will replace the existing scale.
Warning: Default search for "data" layer in "RNA" assay yielded no results; utilizing "counts" layer instead.
Scale for y is already present.
Adding another scale for y, which will replace the existing scale.
Warning: Default search for "data" layer in "RNA" assay yielded no results; utilizing "counts" layer instead.
Scale for y is already present.
Adding another scale for y, which will replace the existing scale.
Warning: Default search for "data" layer in "RNA" assay yielded no results; utilizing "counts" layer instead.
Scale for y is already present.
Adding another scale for y, which will replace the existing scale.
Do heatmap based on a single object 

Do heatmap based on a single object 

Do heatmap based on a single object 

Plot the aggregated cell-cell communication network at the signaling pathway level
Plot the aggregated cell-cell communication network at the signaling pathway level
Plot the aggregated cell-cell communication network at the signaling pathway level
Warning: Default search for "data" layer in "RNA" assay yielded no results; utilizing "counts" layer instead.
Scale for y is already present.
Adding another scale for y, which will replace the existing scale.
Warning: Default search for "data" layer in "RNA" assay yielded no results; utilizing "counts" layer instead.
Scale for y is already present.
Adding another scale for y, which will replace the existing scale.
Warning: Default search for "data" layer in "RNA" assay yielded no results; utilizing "counts" layer instead.
Scale for y is already present.
Adding another scale for y, which will replace the existing scale.
Warning: Default search for "data" layer in "RNA" assay yielded no results; utilizing "counts" layer instead.
Scale for y is already present.
Adding another scale for y, which will replace the existing scale.
Warning: Default search for "data" layer in "RNA" assay yielded no results; utilizing "counts" layer instead.
Scale for y is already present.
Adding another scale for y, which will replace the existing scale.
Warning: Default search for "data" layer in "RNA" assay yielded no results; utilizing "counts" layer instead.
Scale for y is already present.
Adding another scale for y, which will replace the existing scale.
Do heatmap based on a single object 

Do heatmap based on a single object 

Do heatmap based on a single object 

Plot the aggregated cell-cell communication network at the signaling pathway level
Plot the aggregated cell-cell communication network at the signaling pathway level
Plot the aggregated cell-cell communication network at the signaling pathway level
Warning: Default search for "data" layer in "RNA" assay yielded no results; utilizing "counts" layer instead.
Scale for y is already present.
Adding another scale for y, which will replace the existing scale.
Warning: Default search for "data" layer in "RNA" assay yielded no results; utilizing "counts" layer instead.
Scale for y is already present.
Adding another scale for y, which will replace the existing scale.
Warning: Default search for "data" layer in "RNA" assay yielded no results; utilizing "counts" layer instead.
Scale for y is already present.
Adding another scale for y, which will replace the existing scale.
Warning: Default search for "data" layer in "RNA" assay yielded no results; utilizing "counts" layer instead.
Scale for y is already present.
Adding another scale for y, which will replace the existing scale.
Warning: Default search for "data" layer in "RNA" assay yielded no results; utilizing "counts" layer instead.
Scale for y is already present.
Adding another scale for y, which will replace the existing scale.
Warning: Default search for "data" layer in "RNA" assay yielded no results; utilizing "counts" layer instead.
Scale for y is already present.
Adding another scale for y, which will replace the existing scale.
Do heatmap based on a single object 

Do heatmap based on a single object 

Do heatmap based on a single object 

Plot the aggregated cell-cell communication network at the signaling pathway level
Plot the aggregated cell-cell communication network at the signaling pathway level
Plot the aggregated cell-cell communication network at the signaling pathway level
Warning: Default search for "data" layer in "RNA" assay yielded no results; utilizing "counts" layer instead.
Scale for y is already present.
Adding another scale for y, which will replace the existing scale.
Warning: Default search for "data" layer in "RNA" assay yielded no results; utilizing "counts" layer instead.
Scale for y is already present.
Adding another scale for y, which will replace the existing scale.
Warning: Default search for "data" layer in "RNA" assay yielded no results; utilizing "counts" layer instead.
Scale for y is already present.
Adding another scale for y, which will replace the existing scale.
Warning: Default search for "data" layer in "RNA" assay yielded no results; utilizing "counts" layer instead.
Scale for y is already present.
Adding another scale for y, which will replace the existing scale.
Warning: Default search for "data" layer in "RNA" assay yielded no results; utilizing "counts" layer instead.
Scale for y is already present.
Adding another scale for y, which will replace the existing scale.
Warning: Default search for "data" layer in "RNA" assay yielded no results; utilizing "counts" layer instead.
Scale for y is already present.
Adding another scale for y, which will replace the existing scale.
Signaling role analysis on the aggregated cell-cell communication network from all signaling pathways
Signaling role analysis on the aggregated cell-cell communication network from all signaling pathways
Signaling role analysis on the aggregated cell-cell communication network from all signaling pathways
[03:12:47]   high outgoing: k.range capped at 8 (9 cell types x 25 pathways) 
Timing stopped at: 0.001 0 0.001
Timing stopped at: 0 0 0.001
Timing stopped at: 0.001 0 0
Timing stopped at: 0 0 0
Timing stopped at: 0.001 0 0
Timing stopped at: 0.001 0 0.001
Timing stopped at: 0.001 0 0
  [plot-fail] selectK_outgoing (png): All the runs produced an error:
	-#1 [r=2] -> none of the packages are loaded [in call to 'path.package']
	-#2 [r=3] -> none of the packages are loaded [in call to 'path.package']
	-#3 [r=4] -> none of the packages are loaded [in call to 'path.package']
	-#4 [r=5] -> none of the packages are loaded [in call to 'path.package']
	-#5 [r=6] -> none of the packages are loaded [in call to 'path.package']
	-#6 [r=7] -> none of the packages are loaded [in call to 'path.package']
	-#7 [r=8] -> none of the packages are loaded [in call to 'path.package']
Timing stopped at: 0.001 0 0
Timing stopped at: 0 0 0
Timing stopped at: 0.001 0 0.001
Timing stopped at: 0.001 0 0
Timing stopped at: 0.001 0 0.001
Timing stopped at: 0.001 0 0.001
Timing stopped at: 0 0 0.001
  [plot-fail] selectK_outgoing (pdf): All the runs produced an error:
	-#1 [r=2] -> none of the packages are loaded [in call to 'path.package']
	-#2 [r=3] -> none of the packages are loaded [in call to 'path.package']
	-#3 [r=4] -> none of the packages are loaded [in call to 'path.package']
	-#4 [r=5] -> none of the packages are loaded [in call to 'path.package']
	-#5 [r=6] -> none of the packages are loaded [in call to 'path.package']
	-#6 [r=7] -> none of the packages are loaded [in call to 'path.package']
	-#7 [r=8] -> none of the packages are loaded [in call to 'path.package']
Timing stopped at: 0 0 0
Timing stopped at: 0.001 0 0.001
Timing stopped at: 0 0 0.001
Timing stopped at: 0 0 0.001
Timing stopped at: 0.001 0 0
Timing stopped at: 0 0 0.001
Timing stopped at: 0.001 0 0.001
  [plot-fail] selectK_outgoing (svg): All the runs produced an error:
	-#1 [r=2] -> none of the packages are loaded [in call to 'path.package']
	-#2 [r=3] -> none of the packages are loaded [in call to 'path.package']
	-#3 [r=4] -> none of the packages are loaded [in call to 'path.package']
	-#4 [r=5] -> none of the packages are loaded [in call to 'path.package']
	-#5 [r=6] -> none of the packages are loaded [in call to 'path.package']
	-#6 [r=7] -> none of the packages are loaded [in call to 'path.package']
	-#7 [r=8] -> none of the packages are loaded [in call to 'path.package']
Timing stopped at: 0.001 0 0.001
Timing stopped at: 0 0 0.001
Timing stopped at: 0 0 0.001
Timing stopped at: 0.001 0 0.001
Timing stopped at: 0.001 0 0.001
Timing stopped at: 0.001 0 0.001
Timing stopped at: 0.001 0 0.001
[03:12:59]   [skip] patterns outgoing: All the runs produced an error:
	-#1 [r=2] -> none of the packages are loaded [in call to 'path.package']
	-#2 [r=3] -> none of the packages are loaded [in call to 'path.package']
	-#3 [r=4] -> none of the packages are loaded [in call to 'path.package']
	-#4 [r=5] -> none of the packages are loaded [in call to 'path.package']
	-#5 [r=6] -> none of the packages are loaded [in call to 'path.package']
	-#6 [r=7] -> none of the packages are loaded [in call to 'path.package']
	-#7 [r=8] -> none of the packages are loaded [in call to 'path.package'] 
[03:12:59]   high incoming: k.range capped at 8 (9 cell types x 25 pathways) 
Timing stopped at: 0.001 0 0
Timing stopped at: 0.001 0 0.001
Timing stopped at: 0 0 0
Timing stopped at: 0.001 0 0.001
Timing stopped at: 0 0 0.001
Timing stopped at: 0 0 0
Timing stopped at: 0.001 0 0
  [plot-fail] selectK_incoming (png): All the runs produced an error:
	-#1 [r=2] -> none of the packages are loaded [in call to 'path.package']
	-#2 [r=3] -> none of the packages are loaded [in call to 'path.package']
	-#3 [r=4] -> none of the packages are loaded [in call to 'path.package']
	-#4 [r=5] -> none of the packages are loaded [in call to 'path.package']
	-#5 [r=6] -> none of the packages are loaded [in call to 'path.package']
	-#6 [r=7] -> none of the packages are loaded [in call to 'path.package']
	-#7 [r=8] -> none of the packages are loaded [in call to 'path.package']
Timing stopped at: 0.001 0 0.001
Timing stopped at: 0.001 0.001 0.001
Timing stopped at: 0 0.001 0.001
Timing stopped at: 0 0.001 0
Timing stopped at: 0 0 0
Timing stopped at: 0.001 0.001 0.001
Timing stopped at: 0.001 0 0
  [plot-fail] selectK_incoming (pdf): All the runs produced an error:
	-#1 [r=2] -> none of the packages are loaded [in call to 'path.package']
	-#2 [r=3] -> none of the packages are loaded [in call to 'path.package']
	-#3 [r=4] -> none of the packages are loaded [in call to 'path.package']
	-#4 [r=5] -> none of the packages are loaded [in call to 'path.package']
	-#5 [r=6] -> none of the packages are loaded [in call to 'path.package']
	-#6 [r=7] -> none of the packages are loaded [in call to 'path.package']
	-#7 [r=8] -> none of the packages are loaded [in call to 'path.package']
Timing stopped at: 0.001 0 0
Timing stopped at: 0.001 0.001 0.001
Timing stopped at: 0 0 0.001
Timing stopped at: 0 0 0.001
Timing stopped at: 0.001 0 0.001
Timing stopped at: 0.001 0.001 0.001
Timing stopped at: 0.001 0 0
  [plot-fail] selectK_incoming (svg): All the runs produced an error:
	-#1 [r=2] -> none of the packages are loaded [in call to 'path.package']
	-#2 [r=3] -> none of the packages are loaded [in call to 'path.package']
	-#3 [r=4] -> none of the packages are loaded [in call to 'path.package']
	-#4 [r=5] -> none of the packages are loaded [in call to 'path.package']
	-#5 [r=6] -> none of the packages are loaded [in call to 'path.package']
	-#6 [r=7] -> none of the packages are loaded [in call to 'path.package']
	-#7 [r=8] -> none of the packages are loaded [in call to 'path.package']
Timing stopped at: 0 0 0.001
Timing stopped at: 0.001 0 0.001
Timing stopped at: 0.001 0 0
Timing stopped at: 0.001 0 0
Timing stopped at: 0 0 0.001
Timing stopped at: 0.001 0 0.001
Timing stopped at: 0 0 0.001
[03:13:11]   [skip] patterns incoming: All the runs produced an error:
	-#1 [r=2] -> none of the packages are loaded [in call to 'path.package']
	-#2 [r=3] -> none of the packages are loaded [in call to 'path.package']
	-#3 [r=4] -> none of the packages are loaded [in call to 'path.package']
	-#4 [r=5] -> none of the packages are loaded [in call to 'path.package']
	-#5 [r=6] -> none of the packages are loaded [in call to 'path.package']
	-#6 [r=7] -> none of the packages are loaded [in call to 'path.package']
	-#7 [r=8] -> none of the packages are loaded [in call to 'path.package'] 
Manifold learning of the signaling networks for a single dataset 
Classification learning of the signaling networks for a single dataset 
Manifold learning of the signaling networks for a single dataset 
Classification learning of the signaling networks for a single dataset 
Comparing communications on a single object 

Comparing communications on a single object 

Comparing communications on a single object 

Applying a cutoff of  0.05 to the values... 
Applying a cutoff of  0.05 to the values... 
Applying a cutoff of  0.05 to the values... 
Applying a cutoff of  0.05 to the values... 
Applying a cutoff of  0.05 to the values... 
Applying a cutoff of  0.05 to the values... 
Applying a cutoff of  0.05 to the values... 
Applying a cutoff of  0.05 to the values... 
Applying a cutoff of  0.05 to the values... 
Applying a cutoff of  0.05 to the values... 
Applying a cutoff of  0.05 to the values... 
Applying a cutoff of  0.05 to the values... 
Applying a cutoff of  0.05 to the values... 
Applying a cutoff of  0.05 to the values... 
Applying a cutoff of  0.05 to the values... 
Applying a cutoff of  0.05 to the values... 
Applying a cutoff of  0.05 to the values... 
Applying a cutoff of  0.05 to the values... 
Applying a cutoff of  0.05 to the values... 
Applying a cutoff of  0.05 to the values... 
Applying a cutoff of  0.05 to the values... 
Comparing communications on a single object 

Comparing communications on a single object 

Comparing communications on a single object 

Applying a cutoff of  0.05 to the values... 
Applying a cutoff of  0.05 to the values... 
Applying a cutoff of  0.05 to the values... 
Applying a cutoff of  0.05 to the values... 
Applying a cutoff of  0.05 to the values... 
Applying a cutoff of  0.05 to the values... 
Applying a cutoff of  0.05 to the values... 
Applying a cutoff of  0.05 to the values... 
Applying a cutoff of  0.05 to the values... 
Applying a cutoff of  0.05 to the values... 
Applying a cutoff of  0.05 to the values... 
Applying a cutoff of  0.05 to the values... 
Applying a cutoff of  0.05 to the values... 
Applying a cutoff of  0.05 to the values... 
Applying a cutoff of  0.05 to the values... 
Applying a cutoff of  0.05 to the values... 
Applying a cutoff of  0.05 to the values... 
Applying a cutoff of  0.05 to the values... 
Applying a cutoff of  0.05 to the values... 
Applying a cutoff of  0.05 to the values... 
Applying a cutoff of  0.05 to the values... 
Comparing communications on a single object 

Comparing communications on a single object 

Comparing communications on a single object 

Applying a cutoff of  0.05 to the values... 
Applying a cutoff of  0.05 to the values... 
Applying a cutoff of  0.05 to the values... 
Applying a cutoff of  0.05 to the values... 
Applying a cutoff of  0.05 to the values... 
Applying a cutoff of  0.05 to the values... 
Applying a cutoff of  0.05 to the values... 
Applying a cutoff of  0.05 to the values... 
Applying a cutoff of  0.05 to the values... 
Applying a cutoff of  0.05 to the values... 
Applying a cutoff of  0.05 to the values... 
Applying a cutoff of  0.05 to the values... 
Applying a cutoff of  0.05 to the values... 
Applying a cutoff of  0.05 to the values... 
Applying a cutoff of  0.05 to the values... 
Applying a cutoff of  0.05 to the values... 
Applying a cutoff of  0.05 to the values... 
Applying a cutoff of  0.05 to the values... 
Applying a cutoff of  0.05 to the values... 
Applying a cutoff of  0.05 to the values... 
Applying a cutoff of  0.05 to the values... 
Comparing communications on a single object 

Comparing communications on a single object 

Comparing communications on a single object 

Applying a cutoff of  0.05 to the values... 
Applying a cutoff of  0.05 to the values... 
Applying a cutoff of  0.05 to the values... 
Applying a cutoff of  0.05 to the values... 
Applying a cutoff of  0.05 to the values... 
Applying a cutoff of  0.05 to the values... 
Applying a cutoff of  0.05 to the values... 
Applying a cutoff of  0.05 to the values... 
Applying a cutoff of  0.05 to the values... 
Applying a cutoff of  0.05 to the values... 
Applying a cutoff of  0.05 to the values... 
Applying a cutoff of  0.05 to the values... 
Applying a cutoff of  0.05 to the values... 
Applying a cutoff of  0.05 to the values... 
Applying a cutoff of  0.05 to the values... 
Applying a cutoff of  0.05 to the values... 
Applying a cutoff of  0.05 to the values... 
Applying a cutoff of  0.05 to the values... 
Applying a cutoff of  0.05 to the values... 
Applying a cutoff of  0.05 to the values... 
Applying a cutoff of  0.05 to the values... 
Comparing communications on a single object 

Comparing communications on a single object 

Comparing communications on a single object 

Applying a cutoff of  0.05 to the values... 
Applying a cutoff of  0.05 to the values... 
Applying a cutoff of  0.05 to the values... 
Applying a cutoff of  0.05 to the values... 
Applying a cutoff of  0.05 to the values... 
Applying a cutoff of  0.05 to the values... 
Applying a cutoff of  0.05 to the values... 
Applying a cutoff of  0.05 to the values... 
Applying a cutoff of  0.05 to the values... 
Applying a cutoff of  0.05 to the values... 
Applying a cutoff of  0.05 to the values... 
Applying a cutoff of  0.05 to the values... 
Applying a cutoff of  0.05 to the values... 
Applying a cutoff of  0.05 to the values... 
Applying a cutoff of  0.05 to the values... 
Applying a cutoff of  0.05 to the values... 
Applying a cutoff of  0.05 to the values... 
Applying a cutoff of  0.05 to the values... 
Applying a cutoff of  0.05 to the values... 
Applying a cutoff of  0.05 to the values... 
Applying a cutoff of  0.05 to the values... 
Comparing communications on a single object 

Comparing communications on a single object 

Comparing communications on a single object 

Applying a cutoff of  0.05 to the values... 
Applying a cutoff of  0.05 to the values... 
Applying a cutoff of  0.05 to the values... 
Applying a cutoff of  0.05 to the values... 
Applying a cutoff of  0.05 to the values... 
Applying a cutoff of  0.05 to the values... 
Applying a cutoff of  0.05 to the values... 
Applying a cutoff of  0.05 to the values... 
Applying a cutoff of  0.05 to the values... 
Applying a cutoff of  0.05 to the values... 
Applying a cutoff of  0.05 to the values... 
Applying a cutoff of  0.05 to the values... 
Applying a cutoff of  0.05 to the values... 
Applying a cutoff of  0.05 to the values... 
Applying a cutoff of  0.05 to the values... 
Applying a cutoff of  0.05 to the values... 
Applying a cutoff of  0.05 to the values... 
Applying a cutoff of  0.05 to the values... 
Applying a cutoff of  0.05 to the values... 
Applying a cutoff of  0.05 to the values... 
Applying a cutoff of  0.05 to the values... 
Comparing communications on a single object 

Comparing communications on a single object 

Comparing communications on a single object 

Applying a cutoff of  0.05 to the values... 
Applying a cutoff of  0.05 to the values... 
Applying a cutoff of  0.05 to the values... 
Applying a cutoff of  0.05 to the values... 
Applying a cutoff of  0.05 to the values... 
Applying a cutoff of  0.05 to the values... 
Applying a cutoff of  0.05 to the values... 
Applying a cutoff of  0.05 to the values... 
Applying a cutoff of  0.05 to the values... 
Applying a cutoff of  0.05 to the values... 
Applying a cutoff of  0.05 to the values... 
Applying a cutoff of  0.05 to the values... 
Applying a cutoff of  0.05 to the values... 
Applying a cutoff of  0.05 to the values... 
Applying a cutoff of  0.05 to the values... 
Applying a cutoff of  0.05 to the values... 
Applying a cutoff of  0.05 to the values... 
Applying a cutoff of  0.05 to the values... 
Applying a cutoff of  0.05 to the values... 
Applying a cutoff of  0.05 to the values... 
Applying a cutoff of  0.05 to the values... 
Comparing communications on a single object 

Comparing communications on a single object 

Comparing communications on a single object 

Applying a cutoff of  0.05 to the values... 
Applying a cutoff of  0.05 to the values... 
Applying a cutoff of  0.05 to the values... 
Applying a cutoff of  0.05 to the values... 
Applying a cutoff of  0.05 to the values... 
Applying a cutoff of  0.05 to the values... 
Applying a cutoff of  0.05 to the values... 
Applying a cutoff of  0.05 to the values... 
Applying a cutoff of  0.05 to the values... 
Applying a cutoff of  0.05 to the values... 
Applying a cutoff of  0.05 to the values... 
Applying a cutoff of  0.05 to the values... 
Applying a cutoff of  0.05 to the values... 
Applying a cutoff of  0.05 to the values... 
Applying a cutoff of  0.05 to the values... 
Applying a cutoff of  0.05 to the values... 
Applying a cutoff of  0.05 to the values... 
Applying a cutoff of  0.05 to the values... 
Applying a cutoff of  0.05 to the values... 
Applying a cutoff of  0.05 to the values... 
Applying a cutoff of  0.05 to the values... 
Comparing communications on a single object 

Comparing communications on a single object 

Comparing communications on a single object 

Applying a cutoff of  0.05 to the values... 
Applying a cutoff of  0.05 to the values... 
Applying a cutoff of  0.05 to the values... 
Applying a cutoff of  0.05 to the values... 
Applying a cutoff of  0.05 to the values... 
Applying a cutoff of  0.05 to the values... 
Applying a cutoff of  0.05 to the values... 
Applying a cutoff of  0.05 to the values... 
Applying a cutoff of  0.05 to the values... 
Applying a cutoff of  0.05 to the values... 
Applying a cutoff of  0.05 to the values... 
Applying a cutoff of  0.05 to the values... 
Applying a cutoff of  0.05 to the values... 
Applying a cutoff of  0.05 to the values... 
Applying a cutoff of  0.05 to the values... 
Applying a cutoff of  0.05 to the values... 
Applying a cutoff of  0.05 to the values... 
Applying a cutoff of  0.05 to the values... 
Applying a cutoff of  0.05 to the values... 
Applying a cutoff of  0.05 to the values... 
Applying a cutoff of  0.05 to the values... 
Comparing communications on a single object 

Comparing communications on a single object 

Comparing communications on a single object 

Applying a cutoff of  0.05 to the values... 
Applying a cutoff of  0.05 to the values... 
Applying a cutoff of  0.05 to the values... 
Applying a cutoff of  0.05 to the values... 
Applying a cutoff of  0.05 to the values... 
Applying a cutoff of  0.05 to the values... 
Applying a cutoff of  0.05 to the values... 
Applying a cutoff of  0.05 to the values... 
Applying a cutoff of  0.05 to the values... 
Applying a cutoff of  0.05 to the values... 
Applying a cutoff of  0.05 to the values... 
Applying a cutoff of  0.05 to the values... 
Applying a cutoff of  0.05 to the values... 
Applying a cutoff of  0.05 to the values... 
Applying a cutoff of  0.05 to the values... 
Applying a cutoff of  0.05 to the values... 
Applying a cutoff of  0.05 to the values... 
Applying a cutoff of  0.05 to the values... 
Applying a cutoff of  0.05 to the values... 
Applying a cutoff of  0.05 to the values... 
Applying a cutoff of  0.05 to the values... 
[03:14:52]   requested GRN_SORT1 (GRN): in_db=TRUE tested=TRUE significant_pairs=25 pathway_significant=TRUE 
Comparing communications on a single object 

Comparing communications on a single object 

Comparing communications on a single object 

Applying a cutoff of  0.05 to the values... 
Applying a cutoff of  0.05 to the values... 
Applying a cutoff of  0.05 to the values... 
Applying a cutoff of  0.05 to the values... 
Applying a cutoff of  0.05 to the values... 
Applying a cutoff of  0.05 to the values... 
Applying a cutoff of  0.05 to the values... 
Applying a cutoff of  0.05 to the values... 
Applying a cutoff of  0.05 to the values... 
Applying a cutoff of  0.05 to the values... 
Applying a cutoff of  0.05 to the values... 
Applying a cutoff of  0.05 to the values... 
Applying a cutoff of  0.05 to the values... 
Applying a cutoff of  0.05 to the values... 
Applying a cutoff of  0.05 to the values... 
Applying a cutoff of  0.05 to the values... 
Applying a cutoff of  0.05 to the values... 
Applying a cutoff of  0.05 to the values... 
Applying a cutoff of  0.05 to the values... 
Applying a cutoff of  0.05 to the values... 
Applying a cutoff of  0.05 to the values... 
[03:15:14]   requested ANXA1_FPR1 (ANNEXIN): in_db=TRUE tested=TRUE significant_pairs=10 pathway_significant=TRUE 
Comparing communications on a single object 

Comparing communications on a single object 

Comparing communications on a single object 

Applying a cutoff of  0.05 to the values... 
Applying a cutoff of  0.05 to the values... 
Applying a cutoff of  0.05 to the values... 
Applying a cutoff of  0.05 to the values... 
Applying a cutoff of  0.05 to the values... 
Applying a cutoff of  0.05 to the values... 
Applying a cutoff of  0.05 to the values... 
Applying a cutoff of  0.05 to the values... 
Applying a cutoff of  0.05 to the values... 
Applying a cutoff of  0.05 to the values... 
Applying a cutoff of  0.05 to the values... 
Applying a cutoff of  0.05 to the values... 
Applying a cutoff of  0.05 to the values... 
Applying a cutoff of  0.05 to the values... 
Applying a cutoff of  0.05 to the values... 
Applying a cutoff of  0.05 to the values... 
Applying a cutoff of  0.05 to the values... 
Applying a cutoff of  0.05 to the values... 
Applying a cutoff of  0.05 to the values... 
Applying a cutoff of  0.05 to the values... 
Applying a cutoff of  0.05 to the values... 
[03:15:35] high: plots done 
Merge the following slots: 'data.signaling','images','net', 'netP','meta', 'idents', 'var.features' , 'DB', and 'LR'.
[03:15:50] [quant] comparison: low=270 links, high=398 links 
[03:15:50] merged: low -> high (positive change = higher in high) 
Do heatmap based on a merged object 

Do heatmap based on a merged object 

Do heatmap based on a merged object 

Do heatmap based on a merged object 

Do heatmap based on a merged object 

Do heatmap based on a merged object 

Signaling role analysis on the aggregated cell-cell communication network from all signaling pathways
Signaling role analysis on the aggregated cell-cell communication network from all signaling pathways
Signaling role analysis on the aggregated cell-cell communication network from all signaling pathways
Signaling role analysis on the aggregated cell-cell communication network from all signaling pathways
Signaling role analysis on the aggregated cell-cell communication network from all signaling pathways
Signaling role analysis on the aggregated cell-cell communication network from all signaling pathways
Visualizing differential outgoing and incoming signaling changes from low to high
The following `from` values were not present in `x`: -1
Visualizing differential outgoing and incoming signaling changes from low to high
The following `from` values were not present in `x`: -1
Visualizing differential outgoing and incoming signaling changes from low to high
The following `from` values were not present in `x`: -1
Visualizing differential outgoing and incoming signaling changes from low to high
The following `from` values were not present in `x`: 1, 2
The following `from` values were not present in `x`: -1
Visualizing differential outgoing and incoming signaling changes from low to high
The following `from` values were not present in `x`: 1, 2
The following `from` values were not present in `x`: -1
Visualizing differential outgoing and incoming signaling changes from low to high
The following `from` values were not present in `x`: 1, 2
The following `from` values were not present in `x`: -1
Visualizing differential outgoing and incoming signaling changes from low to high
The following `from` values were not present in `x`: 1
The following `from` values were not present in `x`: -1
Visualizing differential outgoing and incoming signaling changes from low to high
The following `from` values were not present in `x`: 1
The following `from` values were not present in `x`: -1
Visualizing differential outgoing and incoming signaling changes from low to high
The following `from` values were not present in `x`: 1
The following `from` values were not present in `x`: -1
Visualizing differential outgoing and incoming signaling changes from low to high
The following `from` values were not present in `x`: -1
Visualizing differential outgoing and incoming signaling changes from low to high
The following `from` values were not present in `x`: -1
Visualizing differential outgoing and incoming signaling changes from low to high
The following `from` values were not present in `x`: -1
Visualizing differential outgoing and incoming signaling changes from low to high
The following `from` values were not present in `x`: 2
The following `from` values were not present in `x`: -1
Visualizing differential outgoing and incoming signaling changes from low to high
The following `from` values were not present in `x`: 2
The following `from` values were not present in `x`: -1
Visualizing differential outgoing and incoming signaling changes from low to high
The following `from` values were not present in `x`: 2
The following `from` values were not present in `x`: -1
Visualizing differential outgoing and incoming signaling changes from low to high
The following `from` values were not present in `x`: 2
Visualizing differential outgoing and incoming signaling changes from low to high
The following `from` values were not present in `x`: 2
Visualizing differential outgoing and incoming signaling changes from low to high
The following `from` values were not present in `x`: 2
Visualizing differential outgoing and incoming signaling changes from low to high
Visualizing differential outgoing and incoming signaling changes from low to high
Visualizing differential outgoing and incoming signaling changes from low to high
Visualizing differential outgoing and incoming signaling changes from low to high
The following `from` values were not present in `x`: 2
The following `from` values were not present in `x`: -1
Visualizing differential outgoing and incoming signaling changes from low to high
The following `from` values were not present in `x`: 2
The following `from` values were not present in `x`: -1
Visualizing differential outgoing and incoming signaling changes from low to high
The following `from` values were not present in `x`: 2
The following `from` values were not present in `x`: -1
Visualizing differential outgoing and incoming signaling changes from low to high
The following `from` values were not present in `x`: 2
The following `from` values were not present in `x`: 1
Visualizing differential outgoing and incoming signaling changes from low to high
The following `from` values were not present in `x`: 2
The following `from` values were not present in `x`: 1
Visualizing differential outgoing and incoming signaling changes from low to high
The following `from` values were not present in `x`: 2
The following `from` values were not present in `x`: 1
Compute signaling network similarity for datasets 1 2 
Manifold learning of the signaling networks for datasets 1 2 
Classification learning of the signaling networks for datasets 1 2 
2D visualization of signaling networks from datasets 1 2 
2D visualization of signaling networks from datasets 1 2 
2D visualization of signaling networks from datasets 1 2 
Compute the distance of signaling networks between datasets 1 2 
Compute the distance of signaling networks between datasets 1 2 
Compute the distance of signaling networks between datasets 1 2 
Compute signaling network similarity for datasets 1 2 
Manifold learning of the signaling networks for datasets 1 2 
Classification learning of the signaling networks for datasets 1 2 
2D visualization of signaling networks from datasets 1 2 
2D visualization of signaling networks from datasets 1 2 
2D visualization of signaling networks from datasets 1 2 
Compute the distance of signaling networks between datasets 1 2 
Compute the distance of signaling networks between datasets 1 2 
Compute the distance of signaling networks between datasets 1 2 
Comparing communications on a merged object 

Comparing communications on a merged object 

Comparing communications on a merged object 

Comparing communications on a merged object 

Comparing communications on a merged object 

Comparing communications on a merged object 

Comparing communications on a merged object 

Comparing communications on a merged object 

Comparing communications on a merged object 

Use the joint cell labels from the merged CellChat object
[03:16:26] DEA: 170 up / 65 down LR pairs in high 
Comparing communications on a merged object 

Comparing communications on a merged object 

Comparing communications on a merged object 

Comparing communications on a merged object 

Comparing communications on a merged object 

Comparing communications on a merged object 

  [plot-fail] chord_up (png): Maybe your `gap.degree` is too large so that there is no space to
allocate sectors.
  [plot-fail] chord_up (pdf): Maybe your `gap.degree` is too large so that there is no space to
allocate sectors.
  [plot-fail] chord_up (svg): Maybe your `gap.degree` is too large so that there is no space to
allocate sectors.
Warning: Default search for "data" layer in "RNA" assay yielded no results; utilizing "counts" layer instead.
The default behaviour of split.by has changed.
Separate violin plots are now plotted side-by-side.
To restore the old behaviour of a single split violin,
set split.plot = TRUE.
      
This message will be shown once per session.
Scale for y is already present.
Adding another scale for y, which will replace the existing scale.
Warning: Default search for "data" layer in "RNA" assay yielded no results; utilizing "counts" layer instead.
Scale for y is already present.
Adding another scale for y, which will replace the existing scale.
Warning: Default search for "data" layer in "RNA" assay yielded no results; utilizing "counts" layer instead.
Scale for y is already present.
Adding another scale for y, which will replace the existing scale.
Warning: Default search for "data" layer in "RNA" assay yielded no results; utilizing "counts" layer instead.
Scale for y is already present.
Adding another scale for y, which will replace the existing scale.
Warning: Default search for "data" layer in "RNA" assay yielded no results; utilizing "counts" layer instead.
Scale for y is already present.
Adding another scale for y, which will replace the existing scale.
Warning: Default search for "data" layer in "RNA" assay yielded no results; utilizing "counts" layer instead.
Scale for y is already present.
Adding another scale for y, which will replace the existing scale.
Warning: Default search for "data" layer in "RNA" assay yielded no results; utilizing "counts" layer instead.
Scale for y is already present.
Adding another scale for y, which will replace the existing scale.
Warning: Default search for "data" layer in "RNA" assay yielded no results; utilizing "counts" layer instead.
Scale for y is already present.
Adding another scale for y, which will replace the existing scale.
Warning: Default search for "data" layer in "RNA" assay yielded no results; utilizing "counts" layer instead.
Scale for y is already present.
Adding another scale for y, which will replace the existing scale.
Warning: Default search for "data" layer in "RNA" assay yielded no results; utilizing "counts" layer instead.
Scale for y is already present.
Adding another scale for y, which will replace the existing scale.
Warning: Default search for "data" layer in "RNA" assay yielded no results; utilizing "counts" layer instead.
Scale for y is already present.
Adding another scale for y, which will replace the existing scale.
Warning: Default search for "data" layer in "RNA" assay yielded no results; utilizing "counts" layer instead.
Scale for y is already present.
Adding another scale for y, which will replace the existing scale.
[03:16:44] NOT produced (4): low: communication patterns (outgoing) failed | low: communication patterns (incoming) failed | high: communication patterns (outgoing) failed | high: communication patterns (incoming) failed 
[03:16:44] wrote 1588 plots (x png/pdf/svg) under results/comparators/cellchat/GBM/default/plots 
[03:16:44] === plotting done === 
