[03:53:22] loaded low, high 
[03:53:22] low: 9 cell types, 23 pathways, 6 samples 
Do heatmap based on a single object 

Do heatmap based on a single object 

Do heatmap based on a single object 

Do heatmap based on a single object 

Do heatmap based on a single object 

Do heatmap based on a single object 

Comparing communications on a single object 

Comparing communications on a single object 

Comparing communications on a single object 

Do heatmap based on a single object 

Do heatmap based on a single object 

Do heatmap based on a single object 

Plot the aggregated cell-cell communication network at the signaling pathway level
Plot the aggregated cell-cell communication network at the signaling pathway level
Plot the aggregated cell-cell communication network at the signaling pathway level
Warning: Default search for "data" layer in "RNA" assay yielded no results; utilizing "counts" layer instead.
Scale for y is already present.
Adding another scale for y, which will replace the existing scale.
Warning: Default search for "data" layer in "RNA" assay yielded no results; utilizing "counts" layer instead.
Scale for y is already present.
Adding another scale for y, which will replace the existing scale.
Warning: Default search for "data" layer in "RNA" assay yielded no results; utilizing "counts" layer instead.
Scale for y is already present.
Adding another scale for y, which will replace the existing scale.
Warning: Default search for "data" layer in "RNA" assay yielded no results; utilizing "counts" layer instead.
Scale for y is already present.
Adding another scale for y, which will replace the existing scale.
Warning: Default search for "data" layer in "RNA" assay yielded no results; utilizing "counts" layer instead.
Scale for y is already present.
Adding another scale for y, which will replace the existing scale.
Warning: Default search for "data" layer in "RNA" assay yielded no results; utilizing "counts" layer instead.
Scale for y is already present.
Adding another scale for y, which will replace the existing scale.
Warning: Default search for "data" layer in "RNA" assay yielded no results; utilizing "counts" layer instead.
Scale for y is already present.
Adding another scale for y, which will replace the existing scale.
Warning: Default search for "data" layer in "RNA" assay yielded no results; utilizing "counts" layer instead.
Scale for y is already present.
Adding another scale for y, which will replace the existing scale.
Warning: Default search for "data" layer in "RNA" assay yielded no results; utilizing "counts" layer instead.
Scale for y is already present.
Adding another scale for y, which will replace the existing scale.
Warning: Default search for "data" layer in "RNA" assay yielded no results; utilizing "counts" layer instead.
Scale for y is already present.
Adding another scale for y, which will replace the existing scale.
Warning: Default search for "data" layer in "RNA" assay yielded no results; utilizing "counts" layer instead.
Scale for y is already present.
Adding another scale for y, which will replace the existing scale.
Warning: Default search for "data" layer in "RNA" assay yielded no results; utilizing "counts" layer instead.
Scale for y is already present.
Adding another scale for y, which will replace the existing scale.
Warning: Default search for "data" layer in "RNA" assay yielded no results; utilizing "counts" layer instead.
Scale for y is already present.
Adding another scale for y, which will replace the existing scale.
Warning: Default search for "data" layer in "RNA" assay yielded no results; utilizing "counts" layer instead.
Scale for y is already present.
Adding another scale for y, which will replace the existing scale.
Warning: Default search for "data" layer in "RNA" assay yielded no results; utilizing "counts" layer instead.
Scale for y is already present.
Adding another scale for y, which will replace the existing scale.
Warning: Default search for "data" layer in "RNA" assay yielded no results; utilizing "counts" layer instead.
Scale for y is already present.
Adding another scale for y, which will replace the existing scale.
Warning: Default search for "data" layer in "RNA" assay yielded no results; utilizing "counts" layer instead.
Scale for y is already present.
Adding another scale for y, which will replace the existing scale.
Warning: Default search for "data" layer in "RNA" assay yielded no results; utilizing "counts" layer instead.
Scale for y is already present.
Adding another scale for y, which will replace the existing scale.
Do heatmap based on a single object 

Do heatmap based on a single object 

Do heatmap based on a single object 

Plot the aggregated cell-cell communication network at the signaling pathway level
Plot the aggregated cell-cell communication network at the signaling pathway level
Plot the aggregated cell-cell communication network at the signaling pathway level
Warning: Default search for "data" layer in "RNA" assay yielded no results; utilizing "counts" layer instead.
Scale for y is already present.
Adding another scale for y, which will replace the existing scale.
Warning: Default search for "data" layer in "RNA" assay yielded no results; utilizing "counts" layer instead.
Scale for y is already present.
Adding another scale for y, which will replace the existing scale.
Warning: Default search for "data" layer in "RNA" assay yielded no results; utilizing "counts" layer instead.
Scale for y is already present.
Adding another scale for y, which will replace the existing scale.
Warning: Default search for "data" layer in "RNA" assay yielded no results; utilizing "counts" layer instead.
Scale for y is already present.
Adding another scale for y, which will replace the existing scale.
Warning: Default search for "data" layer in "RNA" assay yielded no results; utilizing "counts" layer instead.
Scale for y is already present.
Adding another scale for y, which will replace the existing scale.
Warning: Default search for "data" layer in "RNA" assay yielded no results; utilizing "counts" layer instead.
Scale for y is already present.
Adding another scale for y, which will replace the existing scale.
Warning: Default search for "data" layer in "RNA" assay yielded no results; utilizing "counts" layer instead.
Scale for y is already present.
Adding another scale for y, which will replace the existing scale.
Warning: Default search for "data" layer in "RNA" assay yielded no results; utilizing "counts" layer instead.
Scale for y is already present.
Adding another scale for y, which will replace the existing scale.
Warning: Default search for "data" layer in "RNA" assay yielded no results; utilizing "counts" layer instead.
Scale for y is already present.
Adding another scale for y, which will replace the existing scale.
Warning: Default search for "data" layer in "RNA" assay yielded no results; utilizing "counts" layer instead.
Scale for y is already present.
Adding another scale for y, which will replace the existing scale.
Warning: Default search for "data" layer in "RNA" assay yielded no results; utilizing "counts" layer instead.
Scale for y is already present.
Adding another scale for y, which will replace the existing scale.
Warning: Default search for "data" layer in "RNA" assay yielded no results; utilizing "counts" layer instead.
Scale for y is already present.
Adding another scale for y, which will replace the existing scale.
Do heatmap based on a single object 

Do heatmap based on a single object 

Do heatmap based on a single object 

Plot the aggregated cell-cell communication network at the signaling pathway level
Plot the aggregated cell-cell communication network at the signaling pathway level
Plot the aggregated cell-cell communication network at the signaling pathway level
Warning: Default search for "data" layer in "RNA" assay yielded no results; utilizing "counts" layer instead.
Scale for y is already present.
Adding another scale for y, which will replace the existing scale.
Warning: Default search for "data" layer in "RNA" assay yielded no results; utilizing "counts" layer instead.
Scale for y is already present.
Adding another scale for y, which will replace the existing scale.
Warning: Default search for "data" layer in "RNA" assay yielded no results; utilizing "counts" layer instead.
Scale for y is already present.
Adding another scale for y, which will replace the existing scale.
Warning: Default search for "data" layer in "RNA" assay yielded no results; utilizing "counts" layer instead.
Scale for y is already present.
Adding another scale for y, which will replace the existing scale.
Warning: Default search for "data" layer in "RNA" assay yielded no results; utilizing "counts" layer instead.
Scale for y is already present.
Adding another scale for y, which will replace the existing scale.
Warning: Default search for "data" layer in "RNA" assay yielded no results; utilizing "counts" layer instead.
Scale for y is already present.
Adding another scale for y, which will replace the existing scale.
Warning: Default search for "data" layer in "RNA" assay yielded no results; utilizing "counts" layer instead.
Scale for y is already present.
Adding another scale for y, which will replace the existing scale.
Warning: Default search for "data" layer in "RNA" assay yielded no results; utilizing "counts" layer instead.
Scale for y is already present.
Adding another scale for y, which will replace the existing scale.
Warning: Default search for "data" layer in "RNA" assay yielded no results; utilizing "counts" layer instead.
Scale for y is already present.
Adding another scale for y, which will replace the existing scale.
Warning: Default search for "data" layer in "RNA" assay yielded no results; utilizing "counts" layer instead.
Scale for y is already present.
Adding another scale for y, which will replace the existing scale.
Warning: Default search for "data" layer in "RNA" assay yielded no results; utilizing "counts" layer instead.
Scale for y is already present.
Adding another scale for y, which will replace the existing scale.
Warning: Default search for "data" layer in "RNA" assay yielded no results; utilizing "counts" layer instead.
Scale for y is already present.
Adding another scale for y, which will replace the existing scale.
Do heatmap based on a single object 

Do heatmap based on a single object 

Do heatmap based on a single object 

Plot the aggregated cell-cell communication network at the signaling pathway level
Plot the aggregated cell-cell communication network at the signaling pathway level
Plot the aggregated cell-cell communication network at the signaling pathway level
Warning: Default search for "data" layer in "RNA" assay yielded no results; utilizing "counts" layer instead.
Scale for y is already present.
Adding another scale for y, which will replace the existing scale.
Warning: Default search for "data" layer in "RNA" assay yielded no results; utilizing "counts" layer instead.
Scale for y is already present.
Adding another scale for y, which will replace the existing scale.
Warning: Default search for "data" layer in "RNA" assay yielded no results; utilizing "counts" layer instead.
Scale for y is already present.
Adding another scale for y, which will replace the existing scale.
Warning: Default search for "data" layer in "RNA" assay yielded no results; utilizing "counts" layer instead.
Scale for y is already present.
Adding another scale for y, which will replace the existing scale.
Warning: Default search for "data" layer in "RNA" assay yielded no results; utilizing "counts" layer instead.
Scale for y is already present.
Adding another scale for y, which will replace the existing scale.
Warning: Default search for "data" layer in "RNA" assay yielded no results; utilizing "counts" layer instead.
Scale for y is already present.
Adding another scale for y, which will replace the existing scale.
Warning: Default search for "data" layer in "RNA" assay yielded no results; utilizing "counts" layer instead.
Scale for y is already present.
Adding another scale for y, which will replace the existing scale.
Warning: Default search for "data" layer in "RNA" assay yielded no results; utilizing "counts" layer instead.
Scale for y is already present.
Adding another scale for y, which will replace the existing scale.
Warning: Default search for "data" layer in "RNA" assay yielded no results; utilizing "counts" layer instead.
Scale for y is already present.
Adding another scale for y, which will replace the existing scale.
Warning: Default search for "data" layer in "RNA" assay yielded no results; utilizing "counts" layer instead.
Scale for y is already present.
Adding another scale for y, which will replace the existing scale.
Warning: Default search for "data" layer in "RNA" assay yielded no results; utilizing "counts" layer instead.
Scale for y is already present.
Adding another scale for y, which will replace the existing scale.
Warning: Default search for "data" layer in "RNA" assay yielded no results; utilizing "counts" layer instead.
Scale for y is already present.
Adding another scale for y, which will replace the existing scale.
Warning: Default search for "data" layer in "RNA" assay yielded no results; utilizing "counts" layer instead.
Scale for y is already present.
Adding another scale for y, which will replace the existing scale.
Warning: Default search for "data" layer in "RNA" assay yielded no results; utilizing "counts" layer instead.
Scale for y is already present.
Adding another scale for y, which will replace the existing scale.
Warning: Default search for "data" layer in "RNA" assay yielded no results; utilizing "counts" layer instead.
Scale for y is already present.
Adding another scale for y, which will replace the existing scale.
Do heatmap based on a single object 

Do heatmap based on a single object 

Do heatmap based on a single object 

Plot the aggregated cell-cell communication network at the signaling pathway level
Plot the aggregated cell-cell communication network at the signaling pathway level
Plot the aggregated cell-cell communication network at the signaling pathway level
Warning: Default search for "data" layer in "RNA" assay yielded no results; utilizing "counts" layer instead.
Scale for y is already present.
Adding another scale for y, which will replace the existing scale.
Warning: Default search for "data" layer in "RNA" assay yielded no results; utilizing "counts" layer instead.
Scale for y is already present.
Adding another scale for y, which will replace the existing scale.
Warning: Default search for "data" layer in "RNA" assay yielded no results; utilizing "counts" layer instead.
Scale for y is already present.
Adding another scale for y, which will replace the existing scale.
Warning: Default search for "data" layer in "RNA" assay yielded no results; utilizing "counts" layer instead.
Scale for y is already present.
Adding another scale for y, which will replace the existing scale.
Warning: Default search for "data" layer in "RNA" assay yielded no results; utilizing "counts" layer instead.
Scale for y is already present.
Adding another scale for y, which will replace the existing scale.
Warning: Default search for "data" layer in "RNA" assay yielded no results; utilizing "counts" layer instead.
Scale for y is already present.
Adding another scale for y, which will replace the existing scale.
Do heatmap based on a single object 

Do heatmap based on a single object 

Do heatmap based on a single object 

Plot the aggregated cell-cell communication network at the signaling pathway level
Plot the aggregated cell-cell communication network at the signaling pathway level
Plot the aggregated cell-cell communication network at the signaling pathway level
Warning: Default search for "data" layer in "RNA" assay yielded no results; utilizing "counts" layer instead.
Scale for y is already present.
Adding another scale for y, which will replace the existing scale.
Warning: Default search for "data" layer in "RNA" assay yielded no results; utilizing "counts" layer instead.
Scale for y is already present.
Adding another scale for y, which will replace the existing scale.
Warning: Default search for "data" layer in "RNA" assay yielded no results; utilizing "counts" layer instead.
Scale for y is already present.
Adding another scale for y, which will replace the existing scale.
Warning: Default search for "data" layer in "RNA" assay yielded no results; utilizing "counts" layer instead.
Scale for y is already present.
Adding another scale for y, which will replace the existing scale.
Warning: Default search for "data" layer in "RNA" assay yielded no results; utilizing "counts" layer instead.
Scale for y is already present.
Adding another scale for y, which will replace the existing scale.
Warning: Default search for "data" layer in "RNA" assay yielded no results; utilizing "counts" layer instead.
Scale for y is already present.
Adding another scale for y, which will replace the existing scale.
Do heatmap based on a single object 

Do heatmap based on a single object 

Do heatmap based on a single object 

Plot the aggregated cell-cell communication network at the signaling pathway level
Plot the aggregated cell-cell communication network at the signaling pathway level
Plot the aggregated cell-cell communication network at the signaling pathway level
Warning: Default search for "data" layer in "RNA" assay yielded no results; utilizing "counts" layer instead.
Scale for y is already present.
Adding another scale for y, which will replace the existing scale.
Warning: Default search for "data" layer in "RNA" assay yielded no results; utilizing "counts" layer instead.
Scale for y is already present.
Adding another scale for y, which will replace the existing scale.
Warning: Default search for "data" layer in "RNA" assay yielded no results; utilizing "counts" layer instead.
Scale for y is already present.
Adding another scale for y, which will replace the existing scale.
Warning: Default search for "data" layer in "RNA" assay yielded no results; utilizing "counts" layer instead.
Scale for y is already present.
Adding another scale for y, which will replace the existing scale.
Warning: Default search for "data" layer in "RNA" assay yielded no results; utilizing "counts" layer instead.
Scale for y is already present.
Adding another scale for y, which will replace the existing scale.
Warning: Default search for "data" layer in "RNA" assay yielded no results; utilizing "counts" layer instead.
Scale for y is already present.
Adding another scale for y, which will replace the existing scale.
Warning: Default search for "data" layer in "RNA" assay yielded no results; utilizing "counts" layer instead.
Scale for y is already present.
Adding another scale for y, which will replace the existing scale.
Warning: Default search for "data" layer in "RNA" assay yielded no results; utilizing "counts" layer instead.
Scale for y is already present.
Adding another scale for y, which will replace the existing scale.
Warning: Default search for "data" layer in "RNA" assay yielded no results; utilizing "counts" layer instead.
Scale for y is already present.
Adding another scale for y, which will replace the existing scale.
Warning: Default search for "data" layer in "RNA" assay yielded no results; utilizing "counts" layer instead.
Scale for y is already present.
Adding another scale for y, which will replace the existing scale.
Warning: Default search for "data" layer in "RNA" assay yielded no results; utilizing "counts" layer instead.
Scale for y is already present.
Adding another scale for y, which will replace the existing scale.
Warning: Default search for "data" layer in "RNA" assay yielded no results; utilizing "counts" layer instead.
Scale for y is already present.
Adding another scale for y, which will replace the existing scale.
Do heatmap based on a single object 

Do heatmap based on a single object 

Do heatmap based on a single object 

Plot the aggregated cell-cell communication network at the signaling pathway level
Plot the aggregated cell-cell communication network at the signaling pathway level
Plot the aggregated cell-cell communication network at the signaling pathway level
Warning: Default search for "data" layer in "RNA" assay yielded no results; utilizing "counts" layer instead.
Scale for y is already present.
Adding another scale for y, which will replace the existing scale.
Warning: Default search for "data" layer in "RNA" assay yielded no results; utilizing "counts" layer instead.
Scale for y is already present.
Adding another scale for y, which will replace the existing scale.
Warning: Default search for "data" layer in "RNA" assay yielded no results; utilizing "counts" layer instead.
Scale for y is already present.
Adding another scale for y, which will replace the existing scale.
Warning: Default search for "data" layer in "RNA" assay yielded no results; utilizing "counts" layer instead.
Scale for y is already present.
Adding another scale for y, which will replace the existing scale.
Warning: Default search for "data" layer in "RNA" assay yielded no results; utilizing "counts" layer instead.
Scale for y is already present.
Adding another scale for y, which will replace the existing scale.
Warning: Default search for "data" layer in "RNA" assay yielded no results; utilizing "counts" layer instead.
Scale for y is already present.
Adding another scale for y, which will replace the existing scale.
Do heatmap based on a single object 

Do heatmap based on a single object 

Do heatmap based on a single object 

Plot the aggregated cell-cell communication network at the signaling pathway level
Plot the aggregated cell-cell communication network at the signaling pathway level
Plot the aggregated cell-cell communication network at the signaling pathway level
Warning: Default search for "data" layer in "RNA" assay yielded no results; utilizing "counts" layer instead.
Scale for y is already present.
Adding another scale for y, which will replace the existing scale.
Warning: Default search for "data" layer in "RNA" assay yielded no results; utilizing "counts" layer instead.
Scale for y is already present.
Adding another scale for y, which will replace the existing scale.
Warning: Default search for "data" layer in "RNA" assay yielded no results; utilizing "counts" layer instead.
Scale for y is already present.
Adding another scale for y, which will replace the existing scale.
Warning: Default search for "data" layer in "RNA" assay yielded no results; utilizing "counts" layer instead.
Scale for y is already present.
Adding another scale for y, which will replace the existing scale.
Warning: Default search for "data" layer in "RNA" assay yielded no results; utilizing "counts" layer instead.
Scale for y is already present.
Adding another scale for y, which will replace the existing scale.
Warning: Default search for "data" layer in "RNA" assay yielded no results; utilizing "counts" layer instead.
Scale for y is already present.
Adding another scale for y, which will replace the existing scale.
Warning: Default search for "data" layer in "RNA" assay yielded no results; utilizing "counts" layer instead.
Scale for y is already present.
Adding another scale for y, which will replace the existing scale.
Warning: Default search for "data" layer in "RNA" assay yielded no results; utilizing "counts" layer instead.
Scale for y is already present.
Adding another scale for y, which will replace the existing scale.
Warning: Default search for "data" layer in "RNA" assay yielded no results; utilizing "counts" layer instead.
Scale for y is already present.
Adding another scale for y, which will replace the existing scale.
Warning: Default search for "data" layer in "RNA" assay yielded no results; utilizing "counts" layer instead.
Scale for y is already present.
Adding another scale for y, which will replace the existing scale.
Warning: Default search for "data" layer in "RNA" assay yielded no results; utilizing "counts" layer instead.
Scale for y is already present.
Adding another scale for y, which will replace the existing scale.
Warning: Default search for "data" layer in "RNA" assay yielded no results; utilizing "counts" layer instead.
Scale for y is already present.
Adding another scale for y, which will replace the existing scale.
Warning: Default search for "data" layer in "RNA" assay yielded no results; utilizing "counts" layer instead.
Scale for y is already present.
Adding another scale for y, which will replace the existing scale.
Warning: Default search for "data" layer in "RNA" assay yielded no results; utilizing "counts" layer instead.
Scale for y is already present.
Adding another scale for y, which will replace the existing scale.
Warning: Default search for "data" layer in "RNA" assay yielded no results; utilizing "counts" layer instead.
Scale for y is already present.
Adding another scale for y, which will replace the existing scale.
Do heatmap based on a single object 

Do heatmap based on a single object 

Do heatmap based on a single object 

Plot the aggregated cell-cell communication network at the signaling pathway level
Plot the aggregated cell-cell communication network at the signaling pathway level
Plot the aggregated cell-cell communication network at the signaling pathway level
Warning: Default search for "data" layer in "RNA" assay yielded no results; utilizing "counts" layer instead.
Scale for y is already present.
Adding another scale for y, which will replace the existing scale.
Warning: Default search for "data" layer in "RNA" assay yielded no results; utilizing "counts" layer instead.
Scale for y is already present.
Adding another scale for y, which will replace the existing scale.
Warning: Default search for "data" layer in "RNA" assay yielded no results; utilizing "counts" layer instead.
Scale for y is already present.
Adding another scale for y, which will replace the existing scale.
Warning: Default search for "data" layer in "RNA" assay yielded no results; utilizing "counts" layer instead.
Scale for y is already present.
Adding another scale for y, which will replace the existing scale.
Warning: Default search for "data" layer in "RNA" assay yielded no results; utilizing "counts" layer instead.
Scale for y is already present.
Adding another scale for y, which will replace the existing scale.
Warning: Default search for "data" layer in "RNA" assay yielded no results; utilizing "counts" layer instead.
Scale for y is already present.
Adding another scale for y, which will replace the existing scale.
Warning: Default search for "data" layer in "RNA" assay yielded no results; utilizing "counts" layer instead.
Scale for y is already present.
Adding another scale for y, which will replace the existing scale.
Warning: Default search for "data" layer in "RNA" assay yielded no results; utilizing "counts" layer instead.
Scale for y is already present.
Adding another scale for y, which will replace the existing scale.
Warning: Default search for "data" layer in "RNA" assay yielded no results; utilizing "counts" layer instead.
Scale for y is already present.
Adding another scale for y, which will replace the existing scale.
Warning: Default search for "data" layer in "RNA" assay yielded no results; utilizing "counts" layer instead.
Scale for y is already present.
Adding another scale for y, which will replace the existing scale.
Warning: Default search for "data" layer in "RNA" assay yielded no results; utilizing "counts" layer instead.
Scale for y is already present.
Adding another scale for y, which will replace the existing scale.
Warning: Default search for "data" layer in "RNA" assay yielded no results; utilizing "counts" layer instead.
Scale for y is already present.
Adding another scale for y, which will replace the existing scale.
Warning: Default search for "data" layer in "RNA" assay yielded no results; utilizing "counts" layer instead.
Scale for y is already present.
Adding another scale for y, which will replace the existing scale.
Warning: Default search for "data" layer in "RNA" assay yielded no results; utilizing "counts" layer instead.
Scale for y is already present.
Adding another scale for y, which will replace the existing scale.
Warning: Default search for "data" layer in "RNA" assay yielded no results; utilizing "counts" layer instead.
Scale for y is already present.
Adding another scale for y, which will replace the existing scale.
Warning: Default search for "data" layer in "RNA" assay yielded no results; utilizing "counts" layer instead.
Scale for y is already present.
Adding another scale for y, which will replace the existing scale.
Warning: Default search for "data" layer in "RNA" assay yielded no results; utilizing "counts" layer instead.
Scale for y is already present.
Adding another scale for y, which will replace the existing scale.
Warning: Default search for "data" layer in "RNA" assay yielded no results; utilizing "counts" layer instead.
Scale for y is already present.
Adding another scale for y, which will replace the existing scale.
Do heatmap based on a single object 

Do heatmap based on a single object 

Do heatmap based on a single object 

Plot the aggregated cell-cell communication network at the signaling pathway level
Plot the aggregated cell-cell communication network at the signaling pathway level
Plot the aggregated cell-cell communication network at the signaling pathway level
Warning: Default search for "data" layer in "RNA" assay yielded no results; utilizing "counts" layer instead.
Scale for y is already present.
Adding another scale for y, which will replace the existing scale.
Warning: Default search for "data" layer in "RNA" assay yielded no results; utilizing "counts" layer instead.
Scale for y is already present.
Adding another scale for y, which will replace the existing scale.
Warning: Default search for "data" layer in "RNA" assay yielded no results; utilizing "counts" layer instead.
Scale for y is already present.
Adding another scale for y, which will replace the existing scale.
Warning: Default search for "data" layer in "RNA" assay yielded no results; utilizing "counts" layer instead.
Scale for y is already present.
Adding another scale for y, which will replace the existing scale.
Warning: Default search for "data" layer in "RNA" assay yielded no results; utilizing "counts" layer instead.
Scale for y is already present.
Adding another scale for y, which will replace the existing scale.
Warning: Default search for "data" layer in "RNA" assay yielded no results; utilizing "counts" layer instead.
Scale for y is already present.
Adding another scale for y, which will replace the existing scale.
Warning: Default search for "data" layer in "RNA" assay yielded no results; utilizing "counts" layer instead.
Scale for y is already present.
Adding another scale for y, which will replace the existing scale.
Warning: Default search for "data" layer in "RNA" assay yielded no results; utilizing "counts" layer instead.
Scale for y is already present.
Adding another scale for y, which will replace the existing scale.
Warning: Default search for "data" layer in "RNA" assay yielded no results; utilizing "counts" layer instead.
Scale for y is already present.
Adding another scale for y, which will replace the existing scale.
Warning: Default search for "data" layer in "RNA" assay yielded no results; utilizing "counts" layer instead.
Scale for y is already present.
Adding another scale for y, which will replace the existing scale.
Warning: Default search for "data" layer in "RNA" assay yielded no results; utilizing "counts" layer instead.
Scale for y is already present.
Adding another scale for y, which will replace the existing scale.
Warning: Default search for "data" layer in "RNA" assay yielded no results; utilizing "counts" layer instead.
Scale for y is already present.
Adding another scale for y, which will replace the existing scale.
Do heatmap based on a single object 

Do heatmap based on a single object 

Do heatmap based on a single object 

Plot the aggregated cell-cell communication network at the signaling pathway level
Plot the aggregated cell-cell communication network at the signaling pathway level
Plot the aggregated cell-cell communication network at the signaling pathway level
Warning: Default search for "data" layer in "RNA" assay yielded no results; utilizing "counts" layer instead.
Scale for y is already present.
Adding another scale for y, which will replace the existing scale.
Warning: Default search for "data" layer in "RNA" assay yielded no results; utilizing "counts" layer instead.
Scale for y is already present.
Adding another scale for y, which will replace the existing scale.
Warning: Default search for "data" layer in "RNA" assay yielded no results; utilizing "counts" layer instead.
Scale for y is already present.
Adding another scale for y, which will replace the existing scale.
Warning: Default search for "data" layer in "RNA" assay yielded no results; utilizing "counts" layer instead.
Scale for y is already present.
Adding another scale for y, which will replace the existing scale.
Warning: Default search for "data" layer in "RNA" assay yielded no results; utilizing "counts" layer instead.
Scale for y is already present.
Adding another scale for y, which will replace the existing scale.
Warning: Default search for "data" layer in "RNA" assay yielded no results; utilizing "counts" layer instead.
Scale for y is already present.
Adding another scale for y, which will replace the existing scale.
Warning: Default search for "data" layer in "RNA" assay yielded no results; utilizing "counts" layer instead.
Scale for y is already present.
Adding another scale for y, which will replace the existing scale.
Warning: Default search for "data" layer in "RNA" assay yielded no results; utilizing "counts" layer instead.
Scale for y is already present.
Adding another scale for y, which will replace the existing scale.
Warning: Default search for "data" layer in "RNA" assay yielded no results; utilizing "counts" layer instead.
Scale for y is already present.
Adding another scale for y, which will replace the existing scale.
Warning: Default search for "data" layer in "RNA" assay yielded no results; utilizing "counts" layer instead.
Scale for y is already present.
Adding another scale for y, which will replace the existing scale.
Warning: Default search for "data" layer in "RNA" assay yielded no results; utilizing "counts" layer instead.
Scale for y is already present.
Adding another scale for y, which will replace the existing scale.
Warning: Default search for "data" layer in "RNA" assay yielded no results; utilizing "counts" layer instead.
Scale for y is already present.
Adding another scale for y, which will replace the existing scale.
Do heatmap based on a single object 

Do heatmap based on a single object 

Do heatmap based on a single object 

Plot the aggregated cell-cell communication network at the signaling pathway level
Plot the aggregated cell-cell communication network at the signaling pathway level
Plot the aggregated cell-cell communication network at the signaling pathway level
Warning: Default search for "data" layer in "RNA" assay yielded no results; utilizing "counts" layer instead.
Scale for y is already present.
Adding another scale for y, which will replace the existing scale.
Warning: Default search for "data" layer in "RNA" assay yielded no results; utilizing "counts" layer instead.
Scale for y is already present.
Adding another scale for y, which will replace the existing scale.
Warning: Default search for "data" layer in "RNA" assay yielded no results; utilizing "counts" layer instead.
Scale for y is already present.
Adding another scale for y, which will replace the existing scale.
Warning: Default search for "data" layer in "RNA" assay yielded no results; utilizing "counts" layer instead.
Scale for y is already present.
Adding another scale for y, which will replace the existing scale.
Warning: Default search for "data" layer in "RNA" assay yielded no results; utilizing "counts" layer instead.
Scale for y is already present.
Adding another scale for y, which will replace the existing scale.
Warning: Default search for "data" layer in "RNA" assay yielded no results; utilizing "counts" layer instead.
Scale for y is already present.
Adding another scale for y, which will replace the existing scale.
Warning: Default search for "data" layer in "RNA" assay yielded no results; utilizing "counts" layer instead.
Scale for y is already present.
Adding another scale for y, which will replace the existing scale.
Warning: Default search for "data" layer in "RNA" assay yielded no results; utilizing "counts" layer instead.
Scale for y is already present.
Adding another scale for y, which will replace the existing scale.
Warning: Default search for "data" layer in "RNA" assay yielded no results; utilizing "counts" layer instead.
Scale for y is already present.
Adding another scale for y, which will replace the existing scale.
Do heatmap based on a single object 

Do heatmap based on a single object 

Do heatmap based on a single object 

Plot the aggregated cell-cell communication network at the signaling pathway level
Plot the aggregated cell-cell communication network at the signaling pathway level
Plot the aggregated cell-cell communication network at the signaling pathway level
Warning: Default search for "data" layer in "RNA" assay yielded no results; utilizing "counts" layer instead.
Scale for y is already present.
Adding another scale for y, which will replace the existing scale.
Warning: Default search for "data" layer in "RNA" assay yielded no results; utilizing "counts" layer instead.
Scale for y is already present.
Adding another scale for y, which will replace the existing scale.
Warning: Default search for "data" layer in "RNA" assay yielded no results; utilizing "counts" layer instead.
Scale for y is already present.
Adding another scale for y, which will replace the existing scale.
Warning: Default search for "data" layer in "RNA" assay yielded no results; utilizing "counts" layer instead.
Scale for y is already present.
Adding another scale for y, which will replace the existing scale.
Warning: Default search for "data" layer in "RNA" assay yielded no results; utilizing "counts" layer instead.
Scale for y is already present.
Adding another scale for y, which will replace the existing scale.
Warning: Default search for "data" layer in "RNA" assay yielded no results; utilizing "counts" layer instead.
Scale for y is already present.
Adding another scale for y, which will replace the existing scale.
Do heatmap based on a single object 

Do heatmap based on a single object 

Do heatmap based on a single object 

Plot the aggregated cell-cell communication network at the signaling pathway level
Plot the aggregated cell-cell communication network at the signaling pathway level
Plot the aggregated cell-cell communication network at the signaling pathway level
Warning: Default search for "data" layer in "RNA" assay yielded no results; utilizing "counts" layer instead.
Scale for y is already present.
Adding another scale for y, which will replace the existing scale.
Warning: Default search for "data" layer in "RNA" assay yielded no results; utilizing "counts" layer instead.
Scale for y is already present.
Adding another scale for y, which will replace the existing scale.
Warning: Default search for "data" layer in "RNA" assay yielded no results; utilizing "counts" layer instead.
Scale for y is already present.
Adding another scale for y, which will replace the existing scale.
Warning: Default search for "data" layer in "RNA" assay yielded no results; utilizing "counts" layer instead.
Scale for y is already present.
Adding another scale for y, which will replace the existing scale.
Warning: Default search for "data" layer in "RNA" assay yielded no results; utilizing "counts" layer instead.
Scale for y is already present.
Adding another scale for y, which will replace the existing scale.
Warning: Default search for "data" layer in "RNA" assay yielded no results; utilizing "counts" layer instead.
Scale for y is already present.
Adding another scale for y, which will replace the existing scale.
Do heatmap based on a single object 

Do heatmap based on a single object 

Do heatmap based on a single object 

Plot the aggregated cell-cell communication network at the signaling pathway level
Plot the aggregated cell-cell communication network at the signaling pathway level
Plot the aggregated cell-cell communication network at the signaling pathway level
Warning: Default search for "data" layer in "RNA" assay yielded no results; utilizing "counts" layer instead.
Scale for y is already present.
Adding another scale for y, which will replace the existing scale.
Warning: Default search for "data" layer in "RNA" assay yielded no results; utilizing "counts" layer instead.
Scale for y is already present.
Adding another scale for y, which will replace the existing scale.
Warning: Default search for "data" layer in "RNA" assay yielded no results; utilizing "counts" layer instead.
Scale for y is already present.
Adding another scale for y, which will replace the existing scale.
Warning: Default search for "data" layer in "RNA" assay yielded no results; utilizing "counts" layer instead.
Scale for y is already present.
Adding another scale for y, which will replace the existing scale.
Warning: Default search for "data" layer in "RNA" assay yielded no results; utilizing "counts" layer instead.
Scale for y is already present.
Adding another scale for y, which will replace the existing scale.
Warning: Default search for "data" layer in "RNA" assay yielded no results; utilizing "counts" layer instead.
Scale for y is already present.
Adding another scale for y, which will replace the existing scale.
Do heatmap based on a single object 

Do heatmap based on a single object 

Do heatmap based on a single object 

Plot the aggregated cell-cell communication network at the signaling pathway level
Plot the aggregated cell-cell communication network at the signaling pathway level
Plot the aggregated cell-cell communication network at the signaling pathway level
Warning: Default search for "data" layer in "RNA" assay yielded no results; utilizing "counts" layer instead.
Scale for y is already present.
Adding another scale for y, which will replace the existing scale.
Warning: Default search for "data" layer in "RNA" assay yielded no results; utilizing "counts" layer instead.
Scale for y is already present.
Adding another scale for y, which will replace the existing scale.
Warning: Default search for "data" layer in "RNA" assay yielded no results; utilizing "counts" layer instead.
Scale for y is already present.
Adding another scale for y, which will replace the existing scale.
Warning: Default search for "data" layer in "RNA" assay yielded no results; utilizing "counts" layer instead.
Scale for y is already present.
Adding another scale for y, which will replace the existing scale.
Warning: Default search for "data" layer in "RNA" assay yielded no results; utilizing "counts" layer instead.
Scale for y is already present.
Adding another scale for y, which will replace the existing scale.
Warning: Default search for "data" layer in "RNA" assay yielded no results; utilizing "counts" layer instead.
Scale for y is already present.
Adding another scale for y, which will replace the existing scale.
Do heatmap based on a single object 

Do heatmap based on a single object 

Do heatmap based on a single object 

Plot the aggregated cell-cell communication network at the signaling pathway level
Plot the aggregated cell-cell communication network at the signaling pathway level
Plot the aggregated cell-cell communication network at the signaling pathway level
Warning: Default search for "data" layer in "RNA" assay yielded no results; utilizing "counts" layer instead.
Scale for y is already present.
Adding another scale for y, which will replace the existing scale.
Warning: Default search for "data" layer in "RNA" assay yielded no results; utilizing "counts" layer instead.
Scale for y is already present.
Adding another scale for y, which will replace the existing scale.
Warning: Default search for "data" layer in "RNA" assay yielded no results; utilizing "counts" layer instead.
Scale for y is already present.
Adding another scale for y, which will replace the existing scale.
Warning: Default search for "data" layer in "RNA" assay yielded no results; utilizing "counts" layer instead.
Scale for y is already present.
Adding another scale for y, which will replace the existing scale.
Warning: Default search for "data" layer in "RNA" assay yielded no results; utilizing "counts" layer instead.
Scale for y is already present.
Adding another scale for y, which will replace the existing scale.
Warning: Default search for "data" layer in "RNA" assay yielded no results; utilizing "counts" layer instead.
Scale for y is already present.
Adding another scale for y, which will replace the existing scale.
Do heatmap based on a single object 

Do heatmap based on a single object 

Do heatmap based on a single object 

Plot the aggregated cell-cell communication network at the signaling pathway level
Plot the aggregated cell-cell communication network at the signaling pathway level
Plot the aggregated cell-cell communication network at the signaling pathway level
Warning: Default search for "data" layer in "RNA" assay yielded no results; utilizing "counts" layer instead.
Scale for y is already present.
Adding another scale for y, which will replace the existing scale.
Warning: Default search for "data" layer in "RNA" assay yielded no results; utilizing "counts" layer instead.
Scale for y is already present.
Adding another scale for y, which will replace the existing scale.
Warning: Default search for "data" layer in "RNA" assay yielded no results; utilizing "counts" layer instead.
Scale for y is already present.
Adding another scale for y, which will replace the existing scale.
Warning: Default search for "data" layer in "RNA" assay yielded no results; utilizing "counts" layer instead.
Scale for y is already present.
Adding another scale for y, which will replace the existing scale.
Warning: Default search for "data" layer in "RNA" assay yielded no results; utilizing "counts" layer instead.
Scale for y is already present.
Adding another scale for y, which will replace the existing scale.
Warning: Default search for "data" layer in "RNA" assay yielded no results; utilizing "counts" layer instead.
Scale for y is already present.
Adding another scale for y, which will replace the existing scale.
Do heatmap based on a single object 

Do heatmap based on a single object 

Do heatmap based on a single object 

Plot the aggregated cell-cell communication network at the signaling pathway level
Plot the aggregated cell-cell communication network at the signaling pathway level
Plot the aggregated cell-cell communication network at the signaling pathway level
Warning: Default search for "data" layer in "RNA" assay yielded no results; utilizing "counts" layer instead.
Scale for y is already present.
Adding another scale for y, which will replace the existing scale.
Warning: Default search for "data" layer in "RNA" assay yielded no results; utilizing "counts" layer instead.
Scale for y is already present.
Adding another scale for y, which will replace the existing scale.
Warning: Default search for "data" layer in "RNA" assay yielded no results; utilizing "counts" layer instead.
Scale for y is already present.
Adding another scale for y, which will replace the existing scale.
Warning: Default search for "data" layer in "RNA" assay yielded no results; utilizing "counts" layer instead.
Scale for y is already present.
Adding another scale for y, which will replace the existing scale.
Warning: Default search for "data" layer in "RNA" assay yielded no results; utilizing "counts" layer instead.
Scale for y is already present.
Adding another scale for y, which will replace the existing scale.
Warning: Default search for "data" layer in "RNA" assay yielded no results; utilizing "counts" layer instead.
Scale for y is already present.
Adding another scale for y, which will replace the existing scale.
Warning: Default search for "data" layer in "RNA" assay yielded no results; utilizing "counts" layer instead.
Scale for y is already present.
Adding another scale for y, which will replace the existing scale.
Warning: Default search for "data" layer in "RNA" assay yielded no results; utilizing "counts" layer instead.
Scale for y is already present.
Adding another scale for y, which will replace the existing scale.
Warning: Default search for "data" layer in "RNA" assay yielded no results; utilizing "counts" layer instead.
Scale for y is already present.
Adding another scale for y, which will replace the existing scale.
Do heatmap based on a single object 

Do heatmap based on a single object 

Do heatmap based on a single object 

Plot the aggregated cell-cell communication network at the signaling pathway level
Plot the aggregated cell-cell communication network at the signaling pathway level
Plot the aggregated cell-cell communication network at the signaling pathway level
Warning: Default search for "data" layer in "RNA" assay yielded no results; utilizing "counts" layer instead.
Scale for y is already present.
Adding another scale for y, which will replace the existing scale.
Warning: Default search for "data" layer in "RNA" assay yielded no results; utilizing "counts" layer instead.
Scale for y is already present.
Adding another scale for y, which will replace the existing scale.
Warning: Default search for "data" layer in "RNA" assay yielded no results; utilizing "counts" layer instead.
Scale for y is already present.
Adding another scale for y, which will replace the existing scale.
Warning: Default search for "data" layer in "RNA" assay yielded no results; utilizing "counts" layer instead.
Scale for y is already present.
Adding another scale for y, which will replace the existing scale.
Warning: Default search for "data" layer in "RNA" assay yielded no results; utilizing "counts" layer instead.
Scale for y is already present.
Adding another scale for y, which will replace the existing scale.
Warning: Default search for "data" layer in "RNA" assay yielded no results; utilizing "counts" layer instead.
Scale for y is already present.
Adding another scale for y, which will replace the existing scale.
Do heatmap based on a single object 

Do heatmap based on a single object 

Do heatmap based on a single object 

Plot the aggregated cell-cell communication network at the signaling pathway level
Plot the aggregated cell-cell communication network at the signaling pathway level
Plot the aggregated cell-cell communication network at the signaling pathway level
Warning: Default search for "data" layer in "RNA" assay yielded no results; utilizing "counts" layer instead.
Scale for y is already present.
Adding another scale for y, which will replace the existing scale.
Warning: Default search for "data" layer in "RNA" assay yielded no results; utilizing "counts" layer instead.
Scale for y is already present.
Adding another scale for y, which will replace the existing scale.
Warning: Default search for "data" layer in "RNA" assay yielded no results; utilizing "counts" layer instead.
Scale for y is already present.
Adding another scale for y, which will replace the existing scale.
Warning: Default search for "data" layer in "RNA" assay yielded no results; utilizing "counts" layer instead.
Scale for y is already present.
Adding another scale for y, which will replace the existing scale.
Warning: Default search for "data" layer in "RNA" assay yielded no results; utilizing "counts" layer instead.
Scale for y is already present.
Adding another scale for y, which will replace the existing scale.
Warning: Default search for "data" layer in "RNA" assay yielded no results; utilizing "counts" layer instead.
Scale for y is already present.
Adding another scale for y, which will replace the existing scale.
Warning: Default search for "data" layer in "RNA" assay yielded no results; utilizing "counts" layer instead.
Scale for y is already present.
Adding another scale for y, which will replace the existing scale.
Warning: Default search for "data" layer in "RNA" assay yielded no results; utilizing "counts" layer instead.
Scale for y is already present.
Adding another scale for y, which will replace the existing scale.
Warning: Default search for "data" layer in "RNA" assay yielded no results; utilizing "counts" layer instead.
Scale for y is already present.
Adding another scale for y, which will replace the existing scale.
Do heatmap based on a single object 

Do heatmap based on a single object 

Do heatmap based on a single object 

Plot the aggregated cell-cell communication network at the signaling pathway level
Plot the aggregated cell-cell communication network at the signaling pathway level
Plot the aggregated cell-cell communication network at the signaling pathway level
Warning: Default search for "data" layer in "RNA" assay yielded no results; utilizing "counts" layer instead.
Scale for y is already present.
Adding another scale for y, which will replace the existing scale.
Warning: Default search for "data" layer in "RNA" assay yielded no results; utilizing "counts" layer instead.
Scale for y is already present.
Adding another scale for y, which will replace the existing scale.
Warning: Default search for "data" layer in "RNA" assay yielded no results; utilizing "counts" layer instead.
Scale for y is already present.
Adding another scale for y, which will replace the existing scale.
Warning: Default search for "data" layer in "RNA" assay yielded no results; utilizing "counts" layer instead.
Scale for y is already present.
Adding another scale for y, which will replace the existing scale.
Warning: Default search for "data" layer in "RNA" assay yielded no results; utilizing "counts" layer instead.
Scale for y is already present.
Adding another scale for y, which will replace the existing scale.
Warning: Default search for "data" layer in "RNA" assay yielded no results; utilizing "counts" layer instead.
Scale for y is already present.
Adding another scale for y, which will replace the existing scale.
Signaling role analysis on the aggregated cell-cell communication network from all signaling pathways
Signaling role analysis on the aggregated cell-cell communication network from all signaling pathways
Signaling role analysis on the aggregated cell-cell communication network from all signaling pathways
[03:58:03]   low outgoing: k.range capped at 8 (9 cell types x 23 pathways) 
[03:59:13]   low outgoing patterns: k = 3 (first cophenetic drop) 
Please make sure you have load `library(ggalluvial)` when running this function
  [plot-fail] river_outgoing (png): Can't find stat called "stratum".
Please make sure you have load `library(ggalluvial)` when running this function
  [plot-fail] river_outgoing (pdf): Can't find stat called "stratum".
Please make sure you have load `library(ggalluvial)` when running this function
  [plot-fail] river_outgoing (svg): Can't find stat called "stratum".
[03:59:14]   low incoming: k.range capped at 8 (9 cell types x 23 pathways) 
[04:00:24]   low incoming patterns: k = 2 (first cophenetic drop) 
Please make sure you have load `library(ggalluvial)` when running this function
  [plot-fail] river_incoming (png): Can't find stat called "stratum".
Please make sure you have load `library(ggalluvial)` when running this function
  [plot-fail] river_incoming (pdf): Can't find stat called "stratum".
Please make sure you have load `library(ggalluvial)` when running this function
  [plot-fail] river_incoming (svg): Can't find stat called "stratum".
Manifold learning of the signaling networks for a single dataset 
Classification learning of the signaling networks for a single dataset 
Manifold learning of the signaling networks for a single dataset 
Classification learning of the signaling networks for a single dataset 
Comparing communications on a single object 

Comparing communications on a single object 

Comparing communications on a single object 

Applying a cutoff of  0.05 to the values... 
Applying a cutoff of  0.05 to the values... 
Applying a cutoff of  0.05 to the values... 
Applying a cutoff of  0.05 to the values... 
Applying a cutoff of  0.05 to the values... 
Applying a cutoff of  0.05 to the values... 
Applying a cutoff of  0.05 to the values... 
Applying a cutoff of  0.05 to the values... 
Applying a cutoff of  0.05 to the values... 
Applying a cutoff of  0.05 to the values... 
Applying a cutoff of  0.05 to the values... 
Applying a cutoff of  0.05 to the values... 
Applying a cutoff of  0.05 to the values... 
Applying a cutoff of  0.05 to the values... 
Applying a cutoff of  0.05 to the values... 
Applying a cutoff of  0.05 to the values... 
Applying a cutoff of  0.05 to the values... 
Applying a cutoff of  0.05 to the values... 
Comparing communications on a single object 

Comparing communications on a single object 

Comparing communications on a single object 

Applying a cutoff of  0.05 to the values... 
Applying a cutoff of  0.05 to the values... 
Applying a cutoff of  0.05 to the values... 
Applying a cutoff of  0.05 to the values... 
Applying a cutoff of  0.05 to the values... 
Applying a cutoff of  0.05 to the values... 
Applying a cutoff of  0.05 to the values... 
Applying a cutoff of  0.05 to the values... 
Applying a cutoff of  0.05 to the values... 
Applying a cutoff of  0.05 to the values... 
Applying a cutoff of  0.05 to the values... 
Applying a cutoff of  0.05 to the values... 
Applying a cutoff of  0.05 to the values... 
Applying a cutoff of  0.05 to the values... 
Applying a cutoff of  0.05 to the values... 
Applying a cutoff of  0.05 to the values... 
Applying a cutoff of  0.05 to the values... 
Applying a cutoff of  0.05 to the values... 
Comparing communications on a single object 

Comparing communications on a single object 

Comparing communications on a single object 

Applying a cutoff of  0.05 to the values... 
Applying a cutoff of  0.05 to the values... 
Applying a cutoff of  0.05 to the values... 
Applying a cutoff of  0.05 to the values... 
Applying a cutoff of  0.05 to the values... 
Applying a cutoff of  0.05 to the values... 
Applying a cutoff of  0.05 to the values... 
Applying a cutoff of  0.05 to the values... 
Applying a cutoff of  0.05 to the values... 
Applying a cutoff of  0.05 to the values... 
Applying a cutoff of  0.05 to the values... 
Applying a cutoff of  0.05 to the values... 
Applying a cutoff of  0.05 to the values... 
Applying a cutoff of  0.05 to the values... 
Applying a cutoff of  0.05 to the values... 
Applying a cutoff of  0.05 to the values... 
Applying a cutoff of  0.05 to the values... 
Applying a cutoff of  0.05 to the values... 
Comparing communications on a single object 

Comparing communications on a single object 

Comparing communications on a single object 

Applying a cutoff of  0.05 to the values... 
Applying a cutoff of  0.05 to the values... 
Applying a cutoff of  0.05 to the values... 
Applying a cutoff of  0.05 to the values... 
Applying a cutoff of  0.05 to the values... 
Applying a cutoff of  0.05 to the values... 
Applying a cutoff of  0.05 to the values... 
Applying a cutoff of  0.05 to the values... 
Applying a cutoff of  0.05 to the values... 
Applying a cutoff of  0.05 to the values... 
Applying a cutoff of  0.05 to the values... 
Applying a cutoff of  0.05 to the values... 
Applying a cutoff of  0.05 to the values... 
Applying a cutoff of  0.05 to the values... 
Applying a cutoff of  0.05 to the values... 
Applying a cutoff of  0.05 to the values... 
Applying a cutoff of  0.05 to the values... 
Applying a cutoff of  0.05 to the values... 
Comparing communications on a single object 

Comparing communications on a single object 

Comparing communications on a single object 

Applying a cutoff of  0.05 to the values... 
Applying a cutoff of  0.05 to the values... 
Applying a cutoff of  0.05 to the values... 
Applying a cutoff of  0.05 to the values... 
Applying a cutoff of  0.05 to the values... 
Applying a cutoff of  0.05 to the values... 
Applying a cutoff of  0.05 to the values... 
Applying a cutoff of  0.05 to the values... 
Applying a cutoff of  0.05 to the values... 
Applying a cutoff of  0.05 to the values... 
Applying a cutoff of  0.05 to the values... 
Applying a cutoff of  0.05 to the values... 
Applying a cutoff of  0.05 to the values... 
Applying a cutoff of  0.05 to the values... 
Applying a cutoff of  0.05 to the values... 
Applying a cutoff of  0.05 to the values... 
Applying a cutoff of  0.05 to the values... 
Applying a cutoff of  0.05 to the values... 
Comparing communications on a single object 

Comparing communications on a single object 

Comparing communications on a single object 

Applying a cutoff of  0.05 to the values... 
Applying a cutoff of  0.05 to the values... 
Applying a cutoff of  0.05 to the values... 
Applying a cutoff of  0.05 to the values... 
Applying a cutoff of  0.05 to the values... 
Applying a cutoff of  0.05 to the values... 
Applying a cutoff of  0.05 to the values... 
Applying a cutoff of  0.05 to the values... 
Applying a cutoff of  0.05 to the values... 
Applying a cutoff of  0.05 to the values... 
Applying a cutoff of  0.05 to the values... 
Applying a cutoff of  0.05 to the values... 
Applying a cutoff of  0.05 to the values... 
Applying a cutoff of  0.05 to the values... 
Applying a cutoff of  0.05 to the values... 
Applying a cutoff of  0.05 to the values... 
Applying a cutoff of  0.05 to the values... 
Applying a cutoff of  0.05 to the values... 
Comparing communications on a single object 

Comparing communications on a single object 

Comparing communications on a single object 

Applying a cutoff of  0.05 to the values... 
Applying a cutoff of  0.05 to the values... 
Applying a cutoff of  0.05 to the values... 
Applying a cutoff of  0.05 to the values... 
Applying a cutoff of  0.05 to the values... 
Applying a cutoff of  0.05 to the values... 
Applying a cutoff of  0.05 to the values... 
Applying a cutoff of  0.05 to the values... 
Applying a cutoff of  0.05 to the values... 
Applying a cutoff of  0.05 to the values... 
Applying a cutoff of  0.05 to the values... 
Applying a cutoff of  0.05 to the values... 
Applying a cutoff of  0.05 to the values... 
Applying a cutoff of  0.05 to the values... 
Applying a cutoff of  0.05 to the values... 
Applying a cutoff of  0.05 to the values... 
Applying a cutoff of  0.05 to the values... 
Applying a cutoff of  0.05 to the values... 
Comparing communications on a single object 

Comparing communications on a single object 

Comparing communications on a single object 

Applying a cutoff of  0.05 to the values... 
Applying a cutoff of  0.05 to the values... 
Applying a cutoff of  0.05 to the values... 
Applying a cutoff of  0.05 to the values... 
Applying a cutoff of  0.05 to the values... 
Applying a cutoff of  0.05 to the values... 
Applying a cutoff of  0.05 to the values... 
Applying a cutoff of  0.05 to the values... 
Applying a cutoff of  0.05 to the values... 
Applying a cutoff of  0.05 to the values... 
Applying a cutoff of  0.05 to the values... 
Applying a cutoff of  0.05 to the values... 
Applying a cutoff of  0.05 to the values... 
Applying a cutoff of  0.05 to the values... 
Applying a cutoff of  0.05 to the values... 
Applying a cutoff of  0.05 to the values... 
Applying a cutoff of  0.05 to the values... 
Applying a cutoff of  0.05 to the values... 
Comparing communications on a single object 

Comparing communications on a single object 

Comparing communications on a single object 

Applying a cutoff of  0.05 to the values... 
Applying a cutoff of  0.05 to the values... 
Applying a cutoff of  0.05 to the values... 
Applying a cutoff of  0.05 to the values... 
Applying a cutoff of  0.05 to the values... 
Applying a cutoff of  0.05 to the values... 
Applying a cutoff of  0.05 to the values... 
Applying a cutoff of  0.05 to the values... 
Applying a cutoff of  0.05 to the values... 
Applying a cutoff of  0.05 to the values... 
Applying a cutoff of  0.05 to the values... 
Applying a cutoff of  0.05 to the values... 
Applying a cutoff of  0.05 to the values... 
Applying a cutoff of  0.05 to the values... 
Applying a cutoff of  0.05 to the values... 
Applying a cutoff of  0.05 to the values... 
Applying a cutoff of  0.05 to the values... 
Applying a cutoff of  0.05 to the values... 
Comparing communications on a single object 

Comparing communications on a single object 

Comparing communications on a single object 

Applying a cutoff of  0.05 to the values... 
Applying a cutoff of  0.05 to the values... 
Applying a cutoff of  0.05 to the values... 
Applying a cutoff of  0.05 to the values... 
Applying a cutoff of  0.05 to the values... 
Applying a cutoff of  0.05 to the values... 
Applying a cutoff of  0.05 to the values... 
Applying a cutoff of  0.05 to the values... 
Applying a cutoff of  0.05 to the values... 
Applying a cutoff of  0.05 to the values... 
Applying a cutoff of  0.05 to the values... 
Applying a cutoff of  0.05 to the values... 
Applying a cutoff of  0.05 to the values... 
Applying a cutoff of  0.05 to the values... 
Applying a cutoff of  0.05 to the values... 
Applying a cutoff of  0.05 to the values... 
Applying a cutoff of  0.05 to the values... 
Applying a cutoff of  0.05 to the values... 
[04:01:16]   requested GRN_SORT1 (GRN): in_db=TRUE tested=TRUE significant_pairs=15 pathway_significant=TRUE 
Comparing communications on a single object 

Comparing communications on a single object 

Comparing communications on a single object 

Applying a cutoff of  0.05 to the values... 
Applying a cutoff of  0.05 to the values... 
Applying a cutoff of  0.05 to the values... 
Applying a cutoff of  0.05 to the values... 
Applying a cutoff of  0.05 to the values... 
Applying a cutoff of  0.05 to the values... 
Applying a cutoff of  0.05 to the values... 
Applying a cutoff of  0.05 to the values... 
Applying a cutoff of  0.05 to the values... 
Applying a cutoff of  0.05 to the values... 
Applying a cutoff of  0.05 to the values... 
Applying a cutoff of  0.05 to the values... 
Applying a cutoff of  0.05 to the values... 
Applying a cutoff of  0.05 to the values... 
Applying a cutoff of  0.05 to the values... 
Applying a cutoff of  0.05 to the values... 
Applying a cutoff of  0.05 to the values... 
Applying a cutoff of  0.05 to the values... 
[04:01:25]   requested ANXA1_FPR1 (ANNEXIN): in_db=TRUE tested=TRUE significant_pairs=8 pathway_significant=TRUE 
Comparing communications on a single object 

Comparing communications on a single object 

Comparing communications on a single object 

Applying a cutoff of  0.05 to the values... 
Applying a cutoff of  0.05 to the values... 
Applying a cutoff of  0.05 to the values... 
Applying a cutoff of  0.05 to the values... 
Applying a cutoff of  0.05 to the values... 
Applying a cutoff of  0.05 to the values... 
Applying a cutoff of  0.05 to the values... 
Applying a cutoff of  0.05 to the values... 
Applying a cutoff of  0.05 to the values... 
Applying a cutoff of  0.05 to the values... 
Applying a cutoff of  0.05 to the values... 
Applying a cutoff of  0.05 to the values... 
Applying a cutoff of  0.05 to the values... 
Applying a cutoff of  0.05 to the values... 
Applying a cutoff of  0.05 to the values... 
Applying a cutoff of  0.05 to the values... 
Applying a cutoff of  0.05 to the values... 
Applying a cutoff of  0.05 to the values... 
[04:01:35] low: plots done 
[04:01:35] high: 9 cell types, 25 pathways, 7 samples 
Do heatmap based on a single object 

Do heatmap based on a single object 

Do heatmap based on a single object 

Do heatmap based on a single object 

Do heatmap based on a single object 

Do heatmap based on a single object 

Comparing communications on a single object 

Comparing communications on a single object 

Comparing communications on a single object 

Do heatmap based on a single object 

Do heatmap based on a single object 

Do heatmap based on a single object 

Plot the aggregated cell-cell communication network at the signaling pathway level
Plot the aggregated cell-cell communication network at the signaling pathway level
Plot the aggregated cell-cell communication network at the signaling pathway level
Warning: Default search for "data" layer in "RNA" assay yielded no results; utilizing "counts" layer instead.
Scale for y is already present.
Adding another scale for y, which will replace the existing scale.
Warning: Default search for "data" layer in "RNA" assay yielded no results; utilizing "counts" layer instead.
Scale for y is already present.
Adding another scale for y, which will replace the existing scale.
Warning: Default search for "data" layer in "RNA" assay yielded no results; utilizing "counts" layer instead.
Scale for y is already present.
Adding another scale for y, which will replace the existing scale.
Warning: Default search for "data" layer in "RNA" assay yielded no results; utilizing "counts" layer instead.
Scale for y is already present.
Adding another scale for y, which will replace the existing scale.
Warning: Default search for "data" layer in "RNA" assay yielded no results; utilizing "counts" layer instead.
Scale for y is already present.
Adding another scale for y, which will replace the existing scale.
Warning: Default search for "data" layer in "RNA" assay yielded no results; utilizing "counts" layer instead.
Scale for y is already present.
Adding another scale for y, which will replace the existing scale.
Warning: Default search for "data" layer in "RNA" assay yielded no results; utilizing "counts" layer instead.
Scale for y is already present.
Adding another scale for y, which will replace the existing scale.
Warning: Default search for "data" layer in "RNA" assay yielded no results; utilizing "counts" layer instead.
Scale for y is already present.
Adding another scale for y, which will replace the existing scale.
Warning: Default search for "data" layer in "RNA" assay yielded no results; utilizing "counts" layer instead.
Scale for y is already present.
Adding another scale for y, which will replace the existing scale.
Warning: Default search for "data" layer in "RNA" assay yielded no results; utilizing "counts" layer instead.
Scale for y is already present.
Adding another scale for y, which will replace the existing scale.
Warning: Default search for "data" layer in "RNA" assay yielded no results; utilizing "counts" layer instead.
Scale for y is already present.
Adding another scale for y, which will replace the existing scale.
Warning: Default search for "data" layer in "RNA" assay yielded no results; utilizing "counts" layer instead.
Scale for y is already present.
Adding another scale for y, which will replace the existing scale.
Warning: Default search for "data" layer in "RNA" assay yielded no results; utilizing "counts" layer instead.
Scale for y is already present.
Adding another scale for y, which will replace the existing scale.
Warning: Default search for "data" layer in "RNA" assay yielded no results; utilizing "counts" layer instead.
Scale for y is already present.
Adding another scale for y, which will replace the existing scale.
Warning: Default search for "data" layer in "RNA" assay yielded no results; utilizing "counts" layer instead.
Scale for y is already present.
Adding another scale for y, which will replace the existing scale.
Warning: Default search for "data" layer in "RNA" assay yielded no results; utilizing "counts" layer instead.
Scale for y is already present.
Adding another scale for y, which will replace the existing scale.
Warning: Default search for "data" layer in "RNA" assay yielded no results; utilizing "counts" layer instead.
Scale for y is already present.
Adding another scale for y, which will replace the existing scale.
Warning: Default search for "data" layer in "RNA" assay yielded no results; utilizing "counts" layer instead.
Scale for y is already present.
Adding another scale for y, which will replace the existing scale.
Do heatmap based on a single object 

Do heatmap based on a single object 

Do heatmap based on a single object 

Plot the aggregated cell-cell communication network at the signaling pathway level
Plot the aggregated cell-cell communication network at the signaling pathway level
Plot the aggregated cell-cell communication network at the signaling pathway level
Warning: Default search for "data" layer in "RNA" assay yielded no results; utilizing "counts" layer instead.
Scale for y is already present.
Adding another scale for y, which will replace the existing scale.
Warning: Default search for "data" layer in "RNA" assay yielded no results; utilizing "counts" layer instead.
Scale for y is already present.
Adding another scale for y, which will replace the existing scale.
Warning: Default search for "data" layer in "RNA" assay yielded no results; utilizing "counts" layer instead.
Scale for y is already present.
Adding another scale for y, which will replace the existing scale.
Warning: Default search for "data" layer in "RNA" assay yielded no results; utilizing "counts" layer instead.
Scale for y is already present.
Adding another scale for y, which will replace the existing scale.
Warning: Default search for "data" layer in "RNA" assay yielded no results; utilizing "counts" layer instead.
Scale for y is already present.
Adding another scale for y, which will replace the existing scale.
Warning: Default search for "data" layer in "RNA" assay yielded no results; utilizing "counts" layer instead.
Scale for y is already present.
Adding another scale for y, which will replace the existing scale.
Warning: Default search for "data" layer in "RNA" assay yielded no results; utilizing "counts" layer instead.
Scale for y is already present.
Adding another scale for y, which will replace the existing scale.
Warning: Default search for "data" layer in "RNA" assay yielded no results; utilizing "counts" layer instead.
Scale for y is already present.
Adding another scale for y, which will replace the existing scale.
Warning: Default search for "data" layer in "RNA" assay yielded no results; utilizing "counts" layer instead.
Scale for y is already present.
Adding another scale for y, which will replace the existing scale.
Warning: Default search for "data" layer in "RNA" assay yielded no results; utilizing "counts" layer instead.
Scale for y is already present.
Adding another scale for y, which will replace the existing scale.
Warning: Default search for "data" layer in "RNA" assay yielded no results; utilizing "counts" layer instead.
Scale for y is already present.
Adding another scale for y, which will replace the existing scale.
Warning: Default search for "data" layer in "RNA" assay yielded no results; utilizing "counts" layer instead.
Scale for y is already present.
Adding another scale for y, which will replace the existing scale.
Do heatmap based on a single object 

Do heatmap based on a single object 

Do heatmap based on a single object 

Plot the aggregated cell-cell communication network at the signaling pathway level
Plot the aggregated cell-cell communication network at the signaling pathway level
Plot the aggregated cell-cell communication network at the signaling pathway level
Warning: Default search for "data" layer in "RNA" assay yielded no results; utilizing "counts" layer instead.
Scale for y is already present.
Adding another scale for y, which will replace the existing scale.
Warning: Default search for "data" layer in "RNA" assay yielded no results; utilizing "counts" layer instead.
Scale for y is already present.
Adding another scale for y, which will replace the existing scale.
Warning: Default search for "data" layer in "RNA" assay yielded no results; utilizing "counts" layer instead.
Scale for y is already present.
Adding another scale for y, which will replace the existing scale.
Warning: Default search for "data" layer in "RNA" assay yielded no results; utilizing "counts" layer instead.
Scale for y is already present.
Adding another scale for y, which will replace the existing scale.
Warning: Default search for "data" layer in "RNA" assay yielded no results; utilizing "counts" layer instead.
Scale for y is already present.
Adding another scale for y, which will replace the existing scale.
Warning: Default search for "data" layer in "RNA" assay yielded no results; utilizing "counts" layer instead.
Scale for y is already present.
Adding another scale for y, which will replace the existing scale.
Warning: Default search for "data" layer in "RNA" assay yielded no results; utilizing "counts" layer instead.
Scale for y is already present.
Adding another scale for y, which will replace the existing scale.
Warning: Default search for "data" layer in "RNA" assay yielded no results; utilizing "counts" layer instead.
Scale for y is already present.
Adding another scale for y, which will replace the existing scale.
Warning: Default search for "data" layer in "RNA" assay yielded no results; utilizing "counts" layer instead.
Scale for y is already present.
Adding another scale for y, which will replace the existing scale.
Warning: Default search for "data" layer in "RNA" assay yielded no results; utilizing "counts" layer instead.
Scale for y is already present.
Adding another scale for y, which will replace the existing scale.
Warning: Default search for "data" layer in "RNA" assay yielded no results; utilizing "counts" layer instead.
Scale for y is already present.
Adding another scale for y, which will replace the existing scale.
Warning: Default search for "data" layer in "RNA" assay yielded no results; utilizing "counts" layer instead.
Scale for y is already present.
Adding another scale for y, which will replace the existing scale.
Warning: Default search for "data" layer in "RNA" assay yielded no results; utilizing "counts" layer instead.
Scale for y is already present.
Adding another scale for y, which will replace the existing scale.
Warning: Default search for "data" layer in "RNA" assay yielded no results; utilizing "counts" layer instead.
Scale for y is already present.
Adding another scale for y, which will replace the existing scale.
Warning: Default search for "data" layer in "RNA" assay yielded no results; utilizing "counts" layer instead.
Scale for y is already present.
Adding another scale for y, which will replace the existing scale.
Do heatmap based on a single object 

Do heatmap based on a single object 

Do heatmap based on a single object 

Plot the aggregated cell-cell communication network at the signaling pathway level
Plot the aggregated cell-cell communication network at the signaling pathway level
Plot the aggregated cell-cell communication network at the signaling pathway level
Warning: Default search for "data" layer in "RNA" assay yielded no results; utilizing "counts" layer instead.
Scale for y is already present.
Adding another scale for y, which will replace the existing scale.
Warning: Default search for "data" layer in "RNA" assay yielded no results; utilizing "counts" layer instead.
Scale for y is already present.
Adding another scale for y, which will replace the existing scale.
Warning: Default search for "data" layer in "RNA" assay yielded no results; utilizing "counts" layer instead.
Scale for y is already present.
Adding another scale for y, which will replace the existing scale.
Warning: Default search for "data" layer in "RNA" assay yielded no results; utilizing "counts" layer instead.
Scale for y is already present.
Adding another scale for y, which will replace the existing scale.
Warning: Default search for "data" layer in "RNA" assay yielded no results; utilizing "counts" layer instead.
Scale for y is already present.
Adding another scale for y, which will replace the existing scale.
Warning: Default search for "data" layer in "RNA" assay yielded no results; utilizing "counts" layer instead.
Scale for y is already present.
Adding another scale for y, which will replace the existing scale.
Warning: Default search for "data" layer in "RNA" assay yielded no results; utilizing "counts" layer instead.
Scale for y is already present.
Adding another scale for y, which will replace the existing scale.
Warning: Default search for "data" layer in "RNA" assay yielded no results; utilizing "counts" layer instead.
Scale for y is already present.
Adding another scale for y, which will replace the existing scale.
Warning: Default search for "data" layer in "RNA" assay yielded no results; utilizing "counts" layer instead.
Scale for y is already present.
Adding another scale for y, which will replace the existing scale.
Warning: Default search for "data" layer in "RNA" assay yielded no results; utilizing "counts" layer instead.
Scale for y is already present.
Adding another scale for y, which will replace the existing scale.
Warning: Default search for "data" layer in "RNA" assay yielded no results; utilizing "counts" layer instead.
Scale for y is already present.
Adding another scale for y, which will replace the existing scale.
Warning: Default search for "data" layer in "RNA" assay yielded no results; utilizing "counts" layer instead.
Scale for y is already present.
Adding another scale for y, which will replace the existing scale.
Do heatmap based on a single object 

Do heatmap based on a single object 

Do heatmap based on a single object 

Plot the aggregated cell-cell communication network at the signaling pathway level
Plot the aggregated cell-cell communication network at the signaling pathway level
Plot the aggregated cell-cell communication network at the signaling pathway level
Warning: Default search for "data" layer in "RNA" assay yielded no results; utilizing "counts" layer instead.
Scale for y is already present.
Adding another scale for y, which will replace the existing scale.
Warning: Default search for "data" layer in "RNA" assay yielded no results; utilizing "counts" layer instead.
Scale for y is already present.
Adding another scale for y, which will replace the existing scale.
Warning: Default search for "data" layer in "RNA" assay yielded no results; utilizing "counts" layer instead.
Scale for y is already present.
Adding another scale for y, which will replace the existing scale.
Warning: Default search for "data" layer in "RNA" assay yielded no results; utilizing "counts" layer instead.
Scale for y is already present.
Adding another scale for y, which will replace the existing scale.
Warning: Default search for "data" layer in "RNA" assay yielded no results; utilizing "counts" layer instead.
Scale for y is already present.
Adding another scale for y, which will replace the existing scale.
Warning: Default search for "data" layer in "RNA" assay yielded no results; utilizing "counts" layer instead.
Scale for y is already present.
Adding another scale for y, which will replace the existing scale.
Do heatmap based on a single object 

Do heatmap based on a single object 

Do heatmap based on a single object 

Plot the aggregated cell-cell communication network at the signaling pathway level
Plot the aggregated cell-cell communication network at the signaling pathway level
Plot the aggregated cell-cell communication network at the signaling pathway level
Warning: Default search for "data" layer in "RNA" assay yielded no results; utilizing "counts" layer instead.
Scale for y is already present.
Adding another scale for y, which will replace the existing scale.
Warning: Default search for "data" layer in "RNA" assay yielded no results; utilizing "counts" layer instead.
Scale for y is already present.
Adding another scale for y, which will replace the existing scale.
Warning: Default search for "data" layer in "RNA" assay yielded no results; utilizing "counts" layer instead.
Scale for y is already present.
Adding another scale for y, which will replace the existing scale.
Warning: Default search for "data" layer in "RNA" assay yielded no results; utilizing "counts" layer instead.
Scale for y is already present.
Adding another scale for y, which will replace the existing scale.
Warning: Default search for "data" layer in "RNA" assay yielded no results; utilizing "counts" layer instead.
Scale for y is already present.
Adding another scale for y, which will replace the existing scale.
Warning: Default search for "data" layer in "RNA" assay yielded no results; utilizing "counts" layer instead.
Scale for y is already present.
Adding another scale for y, which will replace the existing scale.
Do heatmap based on a single object 

Do heatmap based on a single object 

Do heatmap based on a single object 

Plot the aggregated cell-cell communication network at the signaling pathway level
Plot the aggregated cell-cell communication network at the signaling pathway level
Plot the aggregated cell-cell communication network at the signaling pathway level
Warning: Default search for "data" layer in "RNA" assay yielded no results; utilizing "counts" layer instead.
Scale for y is already present.
Adding another scale for y, which will replace the existing scale.
Warning: Default search for "data" layer in "RNA" assay yielded no results; utilizing "counts" layer instead.
Scale for y is already present.
Adding another scale for y, which will replace the existing scale.
Warning: Default search for "data" layer in "RNA" assay yielded no results; utilizing "counts" layer instead.
Scale for y is already present.
Adding another scale for y, which will replace the existing scale.
Warning: Default search for "data" layer in "RNA" assay yielded no results; utilizing "counts" layer instead.
Scale for y is already present.
Adding another scale for y, which will replace the existing scale.
Warning: Default search for "data" layer in "RNA" assay yielded no results; utilizing "counts" layer instead.
Scale for y is already present.
Adding another scale for y, which will replace the existing scale.
Warning: Default search for "data" layer in "RNA" assay yielded no results; utilizing "counts" layer instead.
Scale for y is already present.
Adding another scale for y, which will replace the existing scale.
Warning: Default search for "data" layer in "RNA" assay yielded no results; utilizing "counts" layer instead.
Scale for y is already present.
Adding another scale for y, which will replace the existing scale.
Warning: Default search for "data" layer in "RNA" assay yielded no results; utilizing "counts" layer instead.
Scale for y is already present.
Adding another scale for y, which will replace the existing scale.
Warning: Default search for "data" layer in "RNA" assay yielded no results; utilizing "counts" layer instead.
Scale for y is already present.
Adding another scale for y, which will replace the existing scale.
Warning: Default search for "data" layer in "RNA" assay yielded no results; utilizing "counts" layer instead.
Scale for y is already present.
Adding another scale for y, which will replace the existing scale.
Warning: Default search for "data" layer in "RNA" assay yielded no results; utilizing "counts" layer instead.
Scale for y is already present.
Adding another scale for y, which will replace the existing scale.
Warning: Default search for "data" layer in "RNA" assay yielded no results; utilizing "counts" layer instead.
Scale for y is already present.
Adding another scale for y, which will replace the existing scale.
Warning: Default search for "data" layer in "RNA" assay yielded no results; utilizing "counts" layer instead.
Scale for y is already present.
Adding another scale for y, which will replace the existing scale.
Warning: Default search for "data" layer in "RNA" assay yielded no results; utilizing "counts" layer instead.
Scale for y is already present.
Adding another scale for y, which will replace the existing scale.
Warning: Default search for "data" layer in "RNA" assay yielded no results; utilizing "counts" layer instead.
Scale for y is already present.
Adding another scale for y, which will replace the existing scale.
Warning: Default search for "data" layer in "RNA" assay yielded no results; utilizing "counts" layer instead.
Scale for y is already present.
Adding another scale for y, which will replace the existing scale.
Warning: Default search for "data" layer in "RNA" assay yielded no results; utilizing "counts" layer instead.
Scale for y is already present.
Adding another scale for y, which will replace the existing scale.
Warning: Default search for "data" layer in "RNA" assay yielded no results; utilizing "counts" layer instead.
Scale for y is already present.
Adding another scale for y, which will replace the existing scale.
Warning: Default search for "data" layer in "RNA" assay yielded no results; utilizing "counts" layer instead.
Scale for y is already present.
Adding another scale for y, which will replace the existing scale.
Warning: Default search for "data" layer in "RNA" assay yielded no results; utilizing "counts" layer instead.
Scale for y is already present.
Adding another scale for y, which will replace the existing scale.
Warning: Default search for "data" layer in "RNA" assay yielded no results; utilizing "counts" layer instead.
Scale for y is already present.
Adding another scale for y, which will replace the existing scale.
Do heatmap based on a single object 

Do heatmap based on a single object 

Do heatmap based on a single object 

Plot the aggregated cell-cell communication network at the signaling pathway level
Plot the aggregated cell-cell communication network at the signaling pathway level
Plot the aggregated cell-cell communication network at the signaling pathway level
Warning: Default search for "data" layer in "RNA" assay yielded no results; utilizing "counts" layer instead.
Scale for y is already present.
Adding another scale for y, which will replace the existing scale.
Warning: Default search for "data" layer in "RNA" assay yielded no results; utilizing "counts" layer instead.
Scale for y is already present.
Adding another scale for y, which will replace the existing scale.
Warning: Default search for "data" layer in "RNA" assay yielded no results; utilizing "counts" layer instead.
Scale for y is already present.
Adding another scale for y, which will replace the existing scale.
Warning: Default search for "data" layer in "RNA" assay yielded no results; utilizing "counts" layer instead.
Scale for y is already present.
Adding another scale for y, which will replace the existing scale.
Warning: Default search for "data" layer in "RNA" assay yielded no results; utilizing "counts" layer instead.
Scale for y is already present.
Adding another scale for y, which will replace the existing scale.
Warning: Default search for "data" layer in "RNA" assay yielded no results; utilizing "counts" layer instead.
Scale for y is already present.
Adding another scale for y, which will replace the existing scale.
Warning: Default search for "data" layer in "RNA" assay yielded no results; utilizing "counts" layer instead.
Scale for y is already present.
Adding another scale for y, which will replace the existing scale.
Warning: Default search for "data" layer in "RNA" assay yielded no results; utilizing "counts" layer instead.
Scale for y is already present.
Adding another scale for y, which will replace the existing scale.
Warning: Default search for "data" layer in "RNA" assay yielded no results; utilizing "counts" layer instead.
Scale for y is already present.
Adding another scale for y, which will replace the existing scale.
Warning: Default search for "data" layer in "RNA" assay yielded no results; utilizing "counts" layer instead.
Scale for y is already present.
Adding another scale for y, which will replace the existing scale.
Warning: Default search for "data" layer in "RNA" assay yielded no results; utilizing "counts" layer instead.
Scale for y is already present.
Adding another scale for y, which will replace the existing scale.
Warning: Default search for "data" layer in "RNA" assay yielded no results; utilizing "counts" layer instead.
Scale for y is already present.
Adding another scale for y, which will replace the existing scale.
Warning: Default search for "data" layer in "RNA" assay yielded no results; utilizing "counts" layer instead.
Scale for y is already present.
Adding another scale for y, which will replace the existing scale.
Warning: Default search for "data" layer in "RNA" assay yielded no results; utilizing "counts" layer instead.
Scale for y is already present.
Adding another scale for y, which will replace the existing scale.
Warning: Default search for "data" layer in "RNA" assay yielded no results; utilizing "counts" layer instead.
Scale for y is already present.
Adding another scale for y, which will replace the existing scale.
Do heatmap based on a single object 

Do heatmap based on a single object 

Do heatmap based on a single object 

Plot the aggregated cell-cell communication network at the signaling pathway level
Plot the aggregated cell-cell communication network at the signaling pathway level
Plot the aggregated cell-cell communication network at the signaling pathway level
Warning: Default search for "data" layer in "RNA" assay yielded no results; utilizing "counts" layer instead.
Scale for y is already present.
Adding another scale for y, which will replace the existing scale.
Warning: Default search for "data" layer in "RNA" assay yielded no results; utilizing "counts" layer instead.
Scale for y is already present.
Adding another scale for y, which will replace the existing scale.
Warning: Default search for "data" layer in "RNA" assay yielded no results; utilizing "counts" layer instead.
Scale for y is already present.
Adding another scale for y, which will replace the existing scale.
Warning: Default search for "data" layer in "RNA" assay yielded no results; utilizing "counts" layer instead.
Scale for y is already present.
Adding another scale for y, which will replace the existing scale.
Warning: Default search for "data" layer in "RNA" assay yielded no results; utilizing "counts" layer instead.
Scale for y is already present.
Adding another scale for y, which will replace the existing scale.
Warning: Default search for "data" layer in "RNA" assay yielded no results; utilizing "counts" layer instead.
Scale for y is already present.
Adding another scale for y, which will replace the existing scale.
Do heatmap based on a single object 

Do heatmap based on a single object 

Do heatmap based on a single object 

Plot the aggregated cell-cell communication network at the signaling pathway level
Plot the aggregated cell-cell communication network at the signaling pathway level
Plot the aggregated cell-cell communication network at the signaling pathway level
Warning: Default search for "data" layer in "RNA" assay yielded no results; utilizing "counts" layer instead.
Scale for y is already present.
Adding another scale for y, which will replace the existing scale.
Warning: Default search for "data" layer in "RNA" assay yielded no results; utilizing "counts" layer instead.
Scale for y is already present.
Adding another scale for y, which will replace the existing scale.
Warning: Default search for "data" layer in "RNA" assay yielded no results; utilizing "counts" layer instead.
Scale for y is already present.
Adding another scale for y, which will replace the existing scale.
Warning: Default search for "data" layer in "RNA" assay yielded no results; utilizing "counts" layer instead.
Scale for y is already present.
Adding another scale for y, which will replace the existing scale.
Warning: Default search for "data" layer in "RNA" assay yielded no results; utilizing "counts" layer instead.
Scale for y is already present.
Adding another scale for y, which will replace the existing scale.
Warning: Default search for "data" layer in "RNA" assay yielded no results; utilizing "counts" layer instead.
Scale for y is already present.
Adding another scale for y, which will replace the existing scale.
Warning: Default search for "data" layer in "RNA" assay yielded no results; utilizing "counts" layer instead.
Scale for y is already present.
Adding another scale for y, which will replace the existing scale.
Warning: Default search for "data" layer in "RNA" assay yielded no results; utilizing "counts" layer instead.
Scale for y is already present.
Adding another scale for y, which will replace the existing scale.
Warning: Default search for "data" layer in "RNA" assay yielded no results; utilizing "counts" layer instead.
Scale for y is already present.
Adding another scale for y, which will replace the existing scale.
Warning: Default search for "data" layer in "RNA" assay yielded no results; utilizing "counts" layer instead.
Scale for y is already present.
Adding another scale for y, which will replace the existing scale.
Warning: Default search for "data" layer in "RNA" assay yielded no results; utilizing "counts" layer instead.
Scale for y is already present.
Adding another scale for y, which will replace the existing scale.
Warning: Default search for "data" layer in "RNA" assay yielded no results; utilizing "counts" layer instead.
Scale for y is already present.
Adding another scale for y, which will replace the existing scale.
Do heatmap based on a single object 

Do heatmap based on a single object 

Do heatmap based on a single object 

Plot the aggregated cell-cell communication network at the signaling pathway level
Plot the aggregated cell-cell communication network at the signaling pathway level
Plot the aggregated cell-cell communication network at the signaling pathway level
Warning: Default search for "data" layer in "RNA" assay yielded no results; utilizing "counts" layer instead.
Scale for y is already present.
Adding another scale for y, which will replace the existing scale.
Warning: Default search for "data" layer in "RNA" assay yielded no results; utilizing "counts" layer instead.
Scale for y is already present.
Adding another scale for y, which will replace the existing scale.
Warning: Default search for "data" layer in "RNA" assay yielded no results; utilizing "counts" layer instead.
Scale for y is already present.
Adding another scale for y, which will replace the existing scale.
Warning: Default search for "data" layer in "RNA" assay yielded no results; utilizing "counts" layer instead.
Scale for y is already present.
Adding another scale for y, which will replace the existing scale.
Warning: Default search for "data" layer in "RNA" assay yielded no results; utilizing "counts" layer instead.
Scale for y is already present.
Adding another scale for y, which will replace the existing scale.
Warning: Default search for "data" layer in "RNA" assay yielded no results; utilizing "counts" layer instead.
Scale for y is already present.
Adding another scale for y, which will replace the existing scale.
Warning: Default search for "data" layer in "RNA" assay yielded no results; utilizing "counts" layer instead.
Scale for y is already present.
Adding another scale for y, which will replace the existing scale.
Warning: Default search for "data" layer in "RNA" assay yielded no results; utilizing "counts" layer instead.
Scale for y is already present.
Adding another scale for y, which will replace the existing scale.
Warning: Default search for "data" layer in "RNA" assay yielded no results; utilizing "counts" layer instead.
Scale for y is already present.
Adding another scale for y, which will replace the existing scale.
Warning: Default search for "data" layer in "RNA" assay yielded no results; utilizing "counts" layer instead.
Scale for y is already present.
Adding another scale for y, which will replace the existing scale.
Warning: Default search for "data" layer in "RNA" assay yielded no results; utilizing "counts" layer instead.
Scale for y is already present.
Adding another scale for y, which will replace the existing scale.
Warning: Default search for "data" layer in "RNA" assay yielded no results; utilizing "counts" layer instead.
Scale for y is already present.
Adding another scale for y, which will replace the existing scale.
Warning: Default search for "data" layer in "RNA" assay yielded no results; utilizing "counts" layer instead.
Scale for y is already present.
Adding another scale for y, which will replace the existing scale.
Warning: Default search for "data" layer in "RNA" assay yielded no results; utilizing "counts" layer instead.
Scale for y is already present.
Adding another scale for y, which will replace the existing scale.
Warning: Default search for "data" layer in "RNA" assay yielded no results; utilizing "counts" layer instead.
Scale for y is already present.
Adding another scale for y, which will replace the existing scale.
Do heatmap based on a single object 

Do heatmap based on a single object 

Do heatmap based on a single object 

Plot the aggregated cell-cell communication network at the signaling pathway level
Plot the aggregated cell-cell communication network at the signaling pathway level
Plot the aggregated cell-cell communication network at the signaling pathway level
Warning: Default search for "data" layer in "RNA" assay yielded no results; utilizing "counts" layer instead.
Scale for y is already present.
Adding another scale for y, which will replace the existing scale.
Warning: Default search for "data" layer in "RNA" assay yielded no results; utilizing "counts" layer instead.
Scale for y is already present.
Adding another scale for y, which will replace the existing scale.
Warning: Default search for "data" layer in "RNA" assay yielded no results; utilizing "counts" layer instead.
Scale for y is already present.
Adding another scale for y, which will replace the existing scale.
Warning: Default search for "data" layer in "RNA" assay yielded no results; utilizing "counts" layer instead.
Scale for y is already present.
Adding another scale for y, which will replace the existing scale.
Warning: Default search for "data" layer in "RNA" assay yielded no results; utilizing "counts" layer instead.
Scale for y is already present.
Adding another scale for y, which will replace the existing scale.
Warning: Default search for "data" layer in "RNA" assay yielded no results; utilizing "counts" layer instead.
Scale for y is already present.
Adding another scale for y, which will replace the existing scale.
Warning: Default search for "data" layer in "RNA" assay yielded no results; utilizing "counts" layer instead.
Scale for y is already present.
Adding another scale for y, which will replace the existing scale.
Warning: Default search for "data" layer in "RNA" assay yielded no results; utilizing "counts" layer instead.
Scale for y is already present.
Adding another scale for y, which will replace the existing scale.
Warning: Default search for "data" layer in "RNA" assay yielded no results; utilizing "counts" layer instead.
Scale for y is already present.
Adding another scale for y, which will replace the existing scale.
Do heatmap based on a single object 

Do heatmap based on a single object 

Do heatmap based on a single object 

Plot the aggregated cell-cell communication network at the signaling pathway level
Plot the aggregated cell-cell communication network at the signaling pathway level
Plot the aggregated cell-cell communication network at the signaling pathway level
Warning: Default search for "data" layer in "RNA" assay yielded no results; utilizing "counts" layer instead.
Scale for y is already present.
Adding another scale for y, which will replace the existing scale.
Warning: Default search for "data" layer in "RNA" assay yielded no results; utilizing "counts" layer instead.
Scale for y is already present.
Adding another scale for y, which will replace the existing scale.
Warning: Default search for "data" layer in "RNA" assay yielded no results; utilizing "counts" layer instead.
Scale for y is already present.
Adding another scale for y, which will replace the existing scale.
Warning: Default search for "data" layer in "RNA" assay yielded no results; utilizing "counts" layer instead.
Scale for y is already present.
Adding another scale for y, which will replace the existing scale.
Warning: Default search for "data" layer in "RNA" assay yielded no results; utilizing "counts" layer instead.
Scale for y is already present.
Adding another scale for y, which will replace the existing scale.
Warning: Default search for "data" layer in "RNA" assay yielded no results; utilizing "counts" layer instead.
Scale for y is already present.
Adding another scale for y, which will replace the existing scale.
Warning: Default search for "data" layer in "RNA" assay yielded no results; utilizing "counts" layer instead.
Scale for y is already present.
Adding another scale for y, which will replace the existing scale.
Warning: Default search for "data" layer in "RNA" assay yielded no results; utilizing "counts" layer instead.
Scale for y is already present.
Adding another scale for y, which will replace the existing scale.
Warning: Default search for "data" layer in "RNA" assay yielded no results; utilizing "counts" layer instead.
Scale for y is already present.
Adding another scale for y, which will replace the existing scale.
Warning: Default search for "data" layer in "RNA" assay yielded no results; utilizing "counts" layer instead.
Scale for y is already present.
Adding another scale for y, which will replace the existing scale.
Warning: Default search for "data" layer in "RNA" assay yielded no results; utilizing "counts" layer instead.
Scale for y is already present.
Adding another scale for y, which will replace the existing scale.
Warning: Default search for "data" layer in "RNA" assay yielded no results; utilizing "counts" layer instead.
Scale for y is already present.
Adding another scale for y, which will replace the existing scale.
Do heatmap based on a single object 

Do heatmap based on a single object 

Do heatmap based on a single object 

Plot the aggregated cell-cell communication network at the signaling pathway level
Plot the aggregated cell-cell communication network at the signaling pathway level
Plot the aggregated cell-cell communication network at the signaling pathway level
Warning: Default search for "data" layer in "RNA" assay yielded no results; utilizing "counts" layer instead.
Scale for y is already present.
Adding another scale for y, which will replace the existing scale.
Warning: Default search for "data" layer in "RNA" assay yielded no results; utilizing "counts" layer instead.
Scale for y is already present.
Adding another scale for y, which will replace the existing scale.
Warning: Default search for "data" layer in "RNA" assay yielded no results; utilizing "counts" layer instead.
Scale for y is already present.
Adding another scale for y, which will replace the existing scale.
Warning: Default search for "data" layer in "RNA" assay yielded no results; utilizing "counts" layer instead.
Scale for y is already present.
Adding another scale for y, which will replace the existing scale.
Warning: Default search for "data" layer in "RNA" assay yielded no results; utilizing "counts" layer instead.
Scale for y is already present.
Adding another scale for y, which will replace the existing scale.
Warning: Default search for "data" layer in "RNA" assay yielded no results; utilizing "counts" layer instead.
Scale for y is already present.
Adding another scale for y, which will replace the existing scale.
Do heatmap based on a single object 

Do heatmap based on a single object 

Do heatmap based on a single object 

Plot the aggregated cell-cell communication network at the signaling pathway level
Plot the aggregated cell-cell communication network at the signaling pathway level
Plot the aggregated cell-cell communication network at the signaling pathway level
Warning: Default search for "data" layer in "RNA" assay yielded no results; utilizing "counts" layer instead.
Scale for y is already present.
Adding another scale for y, which will replace the existing scale.
Warning: Default search for "data" layer in "RNA" assay yielded no results; utilizing "counts" layer instead.
Scale for y is already present.
Adding another scale for y, which will replace the existing scale.
Warning: Default search for "data" layer in "RNA" assay yielded no results; utilizing "counts" layer instead.
Scale for y is already present.
Adding another scale for y, which will replace the existing scale.
Warning: Default search for "data" layer in "RNA" assay yielded no results; utilizing "counts" layer instead.
Scale for y is already present.
Adding another scale for y, which will replace the existing scale.
Warning: Default search for "data" layer in "RNA" assay yielded no results; utilizing "counts" layer instead.
Scale for y is already present.
Adding another scale for y, which will replace the existing scale.
Warning: Default search for "data" layer in "RNA" assay yielded no results; utilizing "counts" layer instead.
Scale for y is already present.
Adding another scale for y, which will replace the existing scale.
Do heatmap based on a single object 

Do heatmap based on a single object 

Do heatmap based on a single object 

Plot the aggregated cell-cell communication network at the signaling pathway level
Plot the aggregated cell-cell communication network at the signaling pathway level
Plot the aggregated cell-cell communication network at the signaling pathway level
Warning: Default search for "data" layer in "RNA" assay yielded no results; utilizing "counts" layer instead.
Scale for y is already present.
Adding another scale for y, which will replace the existing scale.
Warning: Default search for "data" layer in "RNA" assay yielded no results; utilizing "counts" layer instead.
Scale for y is already present.
Adding another scale for y, which will replace the existing scale.
Warning: Default search for "data" layer in "RNA" assay yielded no results; utilizing "counts" layer instead.
Scale for y is already present.
Adding another scale for y, which will replace the existing scale.
Warning: Default search for "data" layer in "RNA" assay yielded no results; utilizing "counts" layer instead.
Scale for y is already present.
Adding another scale for y, which will replace the existing scale.
Warning: Default search for "data" layer in "RNA" assay yielded no results; utilizing "counts" layer instead.
Scale for y is already present.
Adding another scale for y, which will replace the existing scale.
Warning: Default search for "data" layer in "RNA" assay yielded no results; utilizing "counts" layer instead.
Scale for y is already present.
Adding another scale for y, which will replace the existing scale.
Warning: Default search for "data" layer in "RNA" assay yielded no results; utilizing "counts" layer instead.
Scale for y is already present.
Adding another scale for y, which will replace the existing scale.
Warning: Default search for "data" layer in "RNA" assay yielded no results; utilizing "counts" layer instead.
Scale for y is already present.
Adding another scale for y, which will replace the existing scale.
Warning: Default search for "data" layer in "RNA" assay yielded no results; utilizing "counts" layer instead.
Scale for y is already present.
Adding another scale for y, which will replace the existing scale.
Warning: Default search for "data" layer in "RNA" assay yielded no results; utilizing "counts" layer instead.
Scale for y is already present.
Adding another scale for y, which will replace the existing scale.
Warning: Default search for "data" layer in "RNA" assay yielded no results; utilizing "counts" layer instead.
Scale for y is already present.
Adding another scale for y, which will replace the existing scale.
Warning: Default search for "data" layer in "RNA" assay yielded no results; utilizing "counts" layer instead.
Scale for y is already present.
Adding another scale for y, which will replace the existing scale.
Do heatmap based on a single object 

Do heatmap based on a single object 

Do heatmap based on a single object 

Plot the aggregated cell-cell communication network at the signaling pathway level
Plot the aggregated cell-cell communication network at the signaling pathway level
Plot the aggregated cell-cell communication network at the signaling pathway level
Warning: Default search for "data" layer in "RNA" assay yielded no results; utilizing "counts" layer instead.
Scale for y is already present.
Adding another scale for y, which will replace the existing scale.
Warning: Default search for "data" layer in "RNA" assay yielded no results; utilizing "counts" layer instead.
Scale for y is already present.
Adding another scale for y, which will replace the existing scale.
Warning: Default search for "data" layer in "RNA" assay yielded no results; utilizing "counts" layer instead.
Scale for y is already present.
Adding another scale for y, which will replace the existing scale.
Warning: Default search for "data" layer in "RNA" assay yielded no results; utilizing "counts" layer instead.
Scale for y is already present.
Adding another scale for y, which will replace the existing scale.
Warning: Default search for "data" layer in "RNA" assay yielded no results; utilizing "counts" layer instead.
Scale for y is already present.
Adding another scale for y, which will replace the existing scale.
Warning: Default search for "data" layer in "RNA" assay yielded no results; utilizing "counts" layer instead.
Scale for y is already present.
Adding another scale for y, which will replace the existing scale.
Warning: Default search for "data" layer in "RNA" assay yielded no results; utilizing "counts" layer instead.
Scale for y is already present.
Adding another scale for y, which will replace the existing scale.
Warning: Default search for "data" layer in "RNA" assay yielded no results; utilizing "counts" layer instead.
Scale for y is already present.
Adding another scale for y, which will replace the existing scale.
Warning: Default search for "data" layer in "RNA" assay yielded no results; utilizing "counts" layer instead.
Scale for y is already present.
Adding another scale for y, which will replace the existing scale.
Warning: Default search for "data" layer in "RNA" assay yielded no results; utilizing "counts" layer instead.
Scale for y is already present.
Adding another scale for y, which will replace the existing scale.
Warning: Default search for "data" layer in "RNA" assay yielded no results; utilizing "counts" layer instead.
Scale for y is already present.
Adding another scale for y, which will replace the existing scale.
Warning: Default search for "data" layer in "RNA" assay yielded no results; utilizing "counts" layer instead.
Scale for y is already present.
Adding another scale for y, which will replace the existing scale.
Warning: Default search for "data" layer in "RNA" assay yielded no results; utilizing "counts" layer instead.
Scale for y is already present.
Adding another scale for y, which will replace the existing scale.
Warning: Default search for "data" layer in "RNA" assay yielded no results; utilizing "counts" layer instead.
Scale for y is already present.
Adding another scale for y, which will replace the existing scale.
Warning: Default search for "data" layer in "RNA" assay yielded no results; utilizing "counts" layer instead.
Scale for y is already present.
Adding another scale for y, which will replace the existing scale.
Do heatmap based on a single object 

Do heatmap based on a single object 

Do heatmap based on a single object 

Plot the aggregated cell-cell communication network at the signaling pathway level
Plot the aggregated cell-cell communication network at the signaling pathway level
Plot the aggregated cell-cell communication network at the signaling pathway level
Warning: Default search for "data" layer in "RNA" assay yielded no results; utilizing "counts" layer instead.
Scale for y is already present.
Adding another scale for y, which will replace the existing scale.
Warning: Default search for "data" layer in "RNA" assay yielded no results; utilizing "counts" layer instead.
Scale for y is already present.
Adding another scale for y, which will replace the existing scale.
Warning: Default search for "data" layer in "RNA" assay yielded no results; utilizing "counts" layer instead.
Scale for y is already present.
Adding another scale for y, which will replace the existing scale.
Warning: Default search for "data" layer in "RNA" assay yielded no results; utilizing "counts" layer instead.
Scale for y is already present.
Adding another scale for y, which will replace the existing scale.
Warning: Default search for "data" layer in "RNA" assay yielded no results; utilizing "counts" layer instead.
Scale for y is already present.
Adding another scale for y, which will replace the existing scale.
Warning: Default search for "data" layer in "RNA" assay yielded no results; utilizing "counts" layer instead.
Scale for y is already present.
Adding another scale for y, which will replace the existing scale.
Warning: Default search for "data" layer in "RNA" assay yielded no results; utilizing "counts" layer instead.
Scale for y is already present.
Adding another scale for y, which will replace the existing scale.
Warning: Default search for "data" layer in "RNA" assay yielded no results; utilizing "counts" layer instead.
Scale for y is already present.
Adding another scale for y, which will replace the existing scale.
Warning: Default search for "data" layer in "RNA" assay yielded no results; utilizing "counts" layer instead.
Scale for y is already present.
Adding another scale for y, which will replace the existing scale.
Do heatmap based on a single object 

Do heatmap based on a single object 

Do heatmap based on a single object 

Plot the aggregated cell-cell communication network at the signaling pathway level
Plot the aggregated cell-cell communication network at the signaling pathway level
Plot the aggregated cell-cell communication network at the signaling pathway level
Warning: Default search for "data" layer in "RNA" assay yielded no results; utilizing "counts" layer instead.
Scale for y is already present.
Adding another scale for y, which will replace the existing scale.
Warning: Default search for "data" layer in "RNA" assay yielded no results; utilizing "counts" layer instead.
Scale for y is already present.
Adding another scale for y, which will replace the existing scale.
Warning: Default search for "data" layer in "RNA" assay yielded no results; utilizing "counts" layer instead.
Scale for y is already present.
Adding another scale for y, which will replace the existing scale.
Warning: Default search for "data" layer in "RNA" assay yielded no results; utilizing "counts" layer instead.
Scale for y is already present.
Adding another scale for y, which will replace the existing scale.
Warning: Default search for "data" layer in "RNA" assay yielded no results; utilizing "counts" layer instead.
Scale for y is already present.
Adding another scale for y, which will replace the existing scale.
Warning: Default search for "data" layer in "RNA" assay yielded no results; utilizing "counts" layer instead.
Scale for y is already present.
Adding another scale for y, which will replace the existing scale.
Do heatmap based on a single object 

Do heatmap based on a single object 

Do heatmap based on a single object 

Plot the aggregated cell-cell communication network at the signaling pathway level
Plot the aggregated cell-cell communication network at the signaling pathway level
Plot the aggregated cell-cell communication network at the signaling pathway level
Warning: Default search for "data" layer in "RNA" assay yielded no results; utilizing "counts" layer instead.
Scale for y is already present.
Adding another scale for y, which will replace the existing scale.
Warning: Default search for "data" layer in "RNA" assay yielded no results; utilizing "counts" layer instead.
Scale for y is already present.
Adding another scale for y, which will replace the existing scale.
Warning: Default search for "data" layer in "RNA" assay yielded no results; utilizing "counts" layer instead.
Scale for y is already present.
Adding another scale for y, which will replace the existing scale.
Warning: Default search for "data" layer in "RNA" assay yielded no results; utilizing "counts" layer instead.
Scale for y is already present.
Adding another scale for y, which will replace the existing scale.
Warning: Default search for "data" layer in "RNA" assay yielded no results; utilizing "counts" layer instead.
Scale for y is already present.
Adding another scale for y, which will replace the existing scale.
Warning: Default search for "data" layer in "RNA" assay yielded no results; utilizing "counts" layer instead.
Scale for y is already present.
Adding another scale for y, which will replace the existing scale.
Do heatmap based on a single object 

Do heatmap based on a single object 

Do heatmap based on a single object 

Plot the aggregated cell-cell communication network at the signaling pathway level
Plot the aggregated cell-cell communication network at the signaling pathway level
Plot the aggregated cell-cell communication network at the signaling pathway level
Warning: Default search for "data" layer in "RNA" assay yielded no results; utilizing "counts" layer instead.
Scale for y is already present.
Adding another scale for y, which will replace the existing scale.
Warning: Default search for "data" layer in "RNA" assay yielded no results; utilizing "counts" layer instead.
Scale for y is already present.
Adding another scale for y, which will replace the existing scale.
Warning: Default search for "data" layer in "RNA" assay yielded no results; utilizing "counts" layer instead.
Scale for y is already present.
Adding another scale for y, which will replace the existing scale.
Warning: Default search for "data" layer in "RNA" assay yielded no results; utilizing "counts" layer instead.
Scale for y is already present.
Adding another scale for y, which will replace the existing scale.
Warning: Default search for "data" layer in "RNA" assay yielded no results; utilizing "counts" layer instead.
Scale for y is already present.
Adding another scale for y, which will replace the existing scale.
Warning: Default search for "data" layer in "RNA" assay yielded no results; utilizing "counts" layer instead.
Scale for y is already present.
Adding another scale for y, which will replace the existing scale.
Warning: Default search for "data" layer in "RNA" assay yielded no results; utilizing "counts" layer instead.
Scale for y is already present.
Adding another scale for y, which will replace the existing scale.
Warning: Default search for "data" layer in "RNA" assay yielded no results; utilizing "counts" layer instead.
Scale for y is already present.
Adding another scale for y, which will replace the existing scale.
Warning: Default search for "data" layer in "RNA" assay yielded no results; utilizing "counts" layer instead.
Scale for y is already present.
Adding another scale for y, which will replace the existing scale.
Do heatmap based on a single object 

Do heatmap based on a single object 

Do heatmap based on a single object 

Plot the aggregated cell-cell communication network at the signaling pathway level
Plot the aggregated cell-cell communication network at the signaling pathway level
Plot the aggregated cell-cell communication network at the signaling pathway level
Warning: Default search for "data" layer in "RNA" assay yielded no results; utilizing "counts" layer instead.
Scale for y is already present.
Adding another scale for y, which will replace the existing scale.
Warning: Default search for "data" layer in "RNA" assay yielded no results; utilizing "counts" layer instead.
Scale for y is already present.
Adding another scale for y, which will replace the existing scale.
Warning: Default search for "data" layer in "RNA" assay yielded no results; utilizing "counts" layer instead.
Scale for y is already present.
Adding another scale for y, which will replace the existing scale.
Warning: Default search for "data" layer in "RNA" assay yielded no results; utilizing "counts" layer instead.
Scale for y is already present.
Adding another scale for y, which will replace the existing scale.
Warning: Default search for "data" layer in "RNA" assay yielded no results; utilizing "counts" layer instead.
Scale for y is already present.
Adding another scale for y, which will replace the existing scale.
Warning: Default search for "data" layer in "RNA" assay yielded no results; utilizing "counts" layer instead.
Scale for y is already present.
Adding another scale for y, which will replace the existing scale.
Do heatmap based on a single object 

Do heatmap based on a single object 

Do heatmap based on a single object 

Plot the aggregated cell-cell communication network at the signaling pathway level
Plot the aggregated cell-cell communication network at the signaling pathway level
Plot the aggregated cell-cell communication network at the signaling pathway level
Warning: Default search for "data" layer in "RNA" assay yielded no results; utilizing "counts" layer instead.
Scale for y is already present.
Adding another scale for y, which will replace the existing scale.
Warning: Default search for "data" layer in "RNA" assay yielded no results; utilizing "counts" layer instead.
Scale for y is already present.
Adding another scale for y, which will replace the existing scale.
Warning: Default search for "data" layer in "RNA" assay yielded no results; utilizing "counts" layer instead.
Scale for y is already present.
Adding another scale for y, which will replace the existing scale.
Warning: Default search for "data" layer in "RNA" assay yielded no results; utilizing "counts" layer instead.
Scale for y is already present.
Adding another scale for y, which will replace the existing scale.
Warning: Default search for "data" layer in "RNA" assay yielded no results; utilizing "counts" layer instead.
Scale for y is already present.
Adding another scale for y, which will replace the existing scale.
Warning: Default search for "data" layer in "RNA" assay yielded no results; utilizing "counts" layer instead.
Scale for y is already present.
Adding another scale for y, which will replace the existing scale.
Do heatmap based on a single object 

Do heatmap based on a single object 

Do heatmap based on a single object 

Plot the aggregated cell-cell communication network at the signaling pathway level
Plot the aggregated cell-cell communication network at the signaling pathway level
Plot the aggregated cell-cell communication network at the signaling pathway level
Warning: Default search for "data" layer in "RNA" assay yielded no results; utilizing "counts" layer instead.
Scale for y is already present.
Adding another scale for y, which will replace the existing scale.
Warning: Default search for "data" layer in "RNA" assay yielded no results; utilizing "counts" layer instead.
Scale for y is already present.
Adding another scale for y, which will replace the existing scale.
Warning: Default search for "data" layer in "RNA" assay yielded no results; utilizing "counts" layer instead.
Scale for y is already present.
Adding another scale for y, which will replace the existing scale.
Warning: Default search for "data" layer in "RNA" assay yielded no results; utilizing "counts" layer instead.
Scale for y is already present.
Adding another scale for y, which will replace the existing scale.
Warning: Default search for "data" layer in "RNA" assay yielded no results; utilizing "counts" layer instead.
Scale for y is already present.
Adding another scale for y, which will replace the existing scale.
Warning: Default search for "data" layer in "RNA" assay yielded no results; utilizing "counts" layer instead.
Scale for y is already present.
Adding another scale for y, which will replace the existing scale.
Do heatmap based on a single object 

Do heatmap based on a single object 

Do heatmap based on a single object 

Plot the aggregated cell-cell communication network at the signaling pathway level
Plot the aggregated cell-cell communication network at the signaling pathway level
Plot the aggregated cell-cell communication network at the signaling pathway level
Warning: Default search for "data" layer in "RNA" assay yielded no results; utilizing "counts" layer instead.
Scale for y is already present.
Adding another scale for y, which will replace the existing scale.
Warning: Default search for "data" layer in "RNA" assay yielded no results; utilizing "counts" layer instead.
Scale for y is already present.
Adding another scale for y, which will replace the existing scale.
Warning: Default search for "data" layer in "RNA" assay yielded no results; utilizing "counts" layer instead.
Scale for y is already present.
Adding another scale for y, which will replace the existing scale.
Warning: Default search for "data" layer in "RNA" assay yielded no results; utilizing "counts" layer instead.
Scale for y is already present.
Adding another scale for y, which will replace the existing scale.
Warning: Default search for "data" layer in "RNA" assay yielded no results; utilizing "counts" layer instead.
Scale for y is already present.
Adding another scale for y, which will replace the existing scale.
Warning: Default search for "data" layer in "RNA" assay yielded no results; utilizing "counts" layer instead.
Scale for y is already present.
Adding another scale for y, which will replace the existing scale.
Signaling role analysis on the aggregated cell-cell communication network from all signaling pathways
Signaling role analysis on the aggregated cell-cell communication network from all signaling pathways
Signaling role analysis on the aggregated cell-cell communication network from all signaling pathways
[04:10:20]   high outgoing: k.range capped at 8 (9 cell types x 25 pathways) 
[04:11:33]   high outgoing patterns: k = 8 (first cophenetic drop) 
Please make sure you have load `library(ggalluvial)` when running this function
  [plot-fail] river_outgoing (png): Can't find stat called "stratum".
Please make sure you have load `library(ggalluvial)` when running this function
  [plot-fail] river_outgoing (pdf): Can't find stat called "stratum".
Please make sure you have load `library(ggalluvial)` when running this function
  [plot-fail] river_outgoing (svg): Can't find stat called "stratum".
[04:11:34]   high incoming: k.range capped at 8 (9 cell types x 25 pathways) 
[04:12:47]   high incoming patterns: k = 5 (first cophenetic drop) 
Please make sure you have load `library(ggalluvial)` when running this function
  [plot-fail] river_incoming (png): Can't find stat called "stratum".
Please make sure you have load `library(ggalluvial)` when running this function
  [plot-fail] river_incoming (pdf): Can't find stat called "stratum".
Please make sure you have load `library(ggalluvial)` when running this function
  [plot-fail] river_incoming (svg): Can't find stat called "stratum".
Manifold learning of the signaling networks for a single dataset 
Classification learning of the signaling networks for a single dataset 
Manifold learning of the signaling networks for a single dataset 
Classification learning of the signaling networks for a single dataset 
Comparing communications on a single object 

Comparing communications on a single object 

Comparing communications on a single object 

Applying a cutoff of  0.05 to the values... 
Applying a cutoff of  0.05 to the values... 
Applying a cutoff of  0.05 to the values... 
Applying a cutoff of  0.05 to the values... 
Applying a cutoff of  0.05 to the values... 
Applying a cutoff of  0.05 to the values... 
Applying a cutoff of  0.05 to the values... 
Applying a cutoff of  0.05 to the values... 
Applying a cutoff of  0.05 to the values... 
Applying a cutoff of  0.05 to the values... 
Applying a cutoff of  0.05 to the values... 
Applying a cutoff of  0.05 to the values... 
Applying a cutoff of  0.05 to the values... 
Applying a cutoff of  0.05 to the values... 
Applying a cutoff of  0.05 to the values... 
Applying a cutoff of  0.05 to the values... 
Applying a cutoff of  0.05 to the values... 
Applying a cutoff of  0.05 to the values... 
Applying a cutoff of  0.05 to the values... 
Applying a cutoff of  0.05 to the values... 
Applying a cutoff of  0.05 to the values... 
Comparing communications on a single object 

Comparing communications on a single object 

Comparing communications on a single object 

Applying a cutoff of  0.05 to the values... 
Applying a cutoff of  0.05 to the values... 
Applying a cutoff of  0.05 to the values... 
Applying a cutoff of  0.05 to the values... 
Applying a cutoff of  0.05 to the values... 
Applying a cutoff of  0.05 to the values... 
Applying a cutoff of  0.05 to the values... 
Applying a cutoff of  0.05 to the values... 
Applying a cutoff of  0.05 to the values... 
Applying a cutoff of  0.05 to the values... 
Applying a cutoff of  0.05 to the values... 
Applying a cutoff of  0.05 to the values... 
Applying a cutoff of  0.05 to the values... 
Applying a cutoff of  0.05 to the values... 
Applying a cutoff of  0.05 to the values... 
Applying a cutoff of  0.05 to the values... 
Applying a cutoff of  0.05 to the values... 
Applying a cutoff of  0.05 to the values... 
Applying a cutoff of  0.05 to the values... 
Applying a cutoff of  0.05 to the values... 
Applying a cutoff of  0.05 to the values... 
Comparing communications on a single object 

Comparing communications on a single object 

Comparing communications on a single object 

Applying a cutoff of  0.05 to the values... 
Applying a cutoff of  0.05 to the values... 
Applying a cutoff of  0.05 to the values... 
Applying a cutoff of  0.05 to the values... 
Applying a cutoff of  0.05 to the values... 
Applying a cutoff of  0.05 to the values... 
Applying a cutoff of  0.05 to the values... 
Applying a cutoff of  0.05 to the values... 
Applying a cutoff of  0.05 to the values... 
Applying a cutoff of  0.05 to the values... 
Applying a cutoff of  0.05 to the values... 
Applying a cutoff of  0.05 to the values... 
Applying a cutoff of  0.05 to the values... 
Applying a cutoff of  0.05 to the values... 
Applying a cutoff of  0.05 to the values... 
Applying a cutoff of  0.05 to the values... 
Applying a cutoff of  0.05 to the values... 
Applying a cutoff of  0.05 to the values... 
Applying a cutoff of  0.05 to the values... 
Applying a cutoff of  0.05 to the values... 
Applying a cutoff of  0.05 to the values... 
Comparing communications on a single object 

Comparing communications on a single object 

Comparing communications on a single object 

Applying a cutoff of  0.05 to the values... 
Applying a cutoff of  0.05 to the values... 
Applying a cutoff of  0.05 to the values... 
Applying a cutoff of  0.05 to the values... 
Applying a cutoff of  0.05 to the values... 
Applying a cutoff of  0.05 to the values... 
Applying a cutoff of  0.05 to the values... 
Applying a cutoff of  0.05 to the values... 
Applying a cutoff of  0.05 to the values... 
Applying a cutoff of  0.05 to the values... 
Applying a cutoff of  0.05 to the values... 
Applying a cutoff of  0.05 to the values... 
Applying a cutoff of  0.05 to the values... 
Applying a cutoff of  0.05 to the values... 
Applying a cutoff of  0.05 to the values... 
Applying a cutoff of  0.05 to the values... 
Applying a cutoff of  0.05 to the values... 
Applying a cutoff of  0.05 to the values... 
Applying a cutoff of  0.05 to the values... 
Applying a cutoff of  0.05 to the values... 
Applying a cutoff of  0.05 to the values... 
Comparing communications on a single object 

Comparing communications on a single object 

Comparing communications on a single object 

Applying a cutoff of  0.05 to the values... 
Applying a cutoff of  0.05 to the values... 
Applying a cutoff of  0.05 to the values... 
Applying a cutoff of  0.05 to the values... 
Applying a cutoff of  0.05 to the values... 
Applying a cutoff of  0.05 to the values... 
Applying a cutoff of  0.05 to the values... 
Applying a cutoff of  0.05 to the values... 
Applying a cutoff of  0.05 to the values... 
Applying a cutoff of  0.05 to the values... 
Applying a cutoff of  0.05 to the values... 
Applying a cutoff of  0.05 to the values... 
Applying a cutoff of  0.05 to the values... 
Applying a cutoff of  0.05 to the values... 
Applying a cutoff of  0.05 to the values... 
Applying a cutoff of  0.05 to the values... 
Applying a cutoff of  0.05 to the values... 
Applying a cutoff of  0.05 to the values... 
Applying a cutoff of  0.05 to the values... 
Applying a cutoff of  0.05 to the values... 
Applying a cutoff of  0.05 to the values... 
Comparing communications on a single object 

Comparing communications on a single object 

Comparing communications on a single object 

Applying a cutoff of  0.05 to the values... 
Applying a cutoff of  0.05 to the values... 
Applying a cutoff of  0.05 to the values... 
Applying a cutoff of  0.05 to the values... 
Applying a cutoff of  0.05 to the values... 
Applying a cutoff of  0.05 to the values... 
Applying a cutoff of  0.05 to the values... 
Applying a cutoff of  0.05 to the values... 
Applying a cutoff of  0.05 to the values... 
Applying a cutoff of  0.05 to the values... 
Applying a cutoff of  0.05 to the values... 
Applying a cutoff of  0.05 to the values... 
Applying a cutoff of  0.05 to the values... 
Applying a cutoff of  0.05 to the values... 
Applying a cutoff of  0.05 to the values... 
Applying a cutoff of  0.05 to the values... 
Applying a cutoff of  0.05 to the values... 
Applying a cutoff of  0.05 to the values... 
Applying a cutoff of  0.05 to the values... 
Applying a cutoff of  0.05 to the values... 
Applying a cutoff of  0.05 to the values... 
Comparing communications on a single object 

Comparing communications on a single object 

Comparing communications on a single object 

Applying a cutoff of  0.05 to the values... 
Applying a cutoff of  0.05 to the values... 
Applying a cutoff of  0.05 to the values... 
Applying a cutoff of  0.05 to the values... 
Applying a cutoff of  0.05 to the values... 
Applying a cutoff of  0.05 to the values... 
Applying a cutoff of  0.05 to the values... 
Applying a cutoff of  0.05 to the values... 
Applying a cutoff of  0.05 to the values... 
Applying a cutoff of  0.05 to the values... 
Applying a cutoff of  0.05 to the values... 
Applying a cutoff of  0.05 to the values... 
Applying a cutoff of  0.05 to the values... 
Applying a cutoff of  0.05 to the values... 
Applying a cutoff of  0.05 to the values... 
Applying a cutoff of  0.05 to the values... 
Applying a cutoff of  0.05 to the values... 
Applying a cutoff of  0.05 to the values... 
Applying a cutoff of  0.05 to the values... 
Applying a cutoff of  0.05 to the values... 
Applying a cutoff of  0.05 to the values... 
Comparing communications on a single object 

Comparing communications on a single object 

Comparing communications on a single object 

Applying a cutoff of  0.05 to the values... 
Applying a cutoff of  0.05 to the values... 
Applying a cutoff of  0.05 to the values... 
Applying a cutoff of  0.05 to the values... 
Applying a cutoff of  0.05 to the values... 
Applying a cutoff of  0.05 to the values... 
Applying a cutoff of  0.05 to the values... 
Applying a cutoff of  0.05 to the values... 
Applying a cutoff of  0.05 to the values... 
Applying a cutoff of  0.05 to the values... 
Applying a cutoff of  0.05 to the values... 
Applying a cutoff of  0.05 to the values... 
Applying a cutoff of  0.05 to the values... 
Applying a cutoff of  0.05 to the values... 
Applying a cutoff of  0.05 to the values... 
Applying a cutoff of  0.05 to the values... 
Applying a cutoff of  0.05 to the values... 
Applying a cutoff of  0.05 to the values... 
Applying a cutoff of  0.05 to the values... 
Applying a cutoff of  0.05 to the values... 
Applying a cutoff of  0.05 to the values... 
Comparing communications on a single object 

Comparing communications on a single object 

Comparing communications on a single object 

Applying a cutoff of  0.05 to the values... 
Applying a cutoff of  0.05 to the values... 
Applying a cutoff of  0.05 to the values... 
Applying a cutoff of  0.05 to the values... 
Applying a cutoff of  0.05 to the values... 
Applying a cutoff of  0.05 to the values... 
Applying a cutoff of  0.05 to the values... 
Applying a cutoff of  0.05 to the values... 
Applying a cutoff of  0.05 to the values... 
Applying a cutoff of  0.05 to the values... 
Applying a cutoff of  0.05 to the values... 
Applying a cutoff of  0.05 to the values... 
Applying a cutoff of  0.05 to the values... 
Applying a cutoff of  0.05 to the values... 
Applying a cutoff of  0.05 to the values... 
Applying a cutoff of  0.05 to the values... 
Applying a cutoff of  0.05 to the values... 
Applying a cutoff of  0.05 to the values... 
Applying a cutoff of  0.05 to the values... 
Applying a cutoff of  0.05 to the values... 
Applying a cutoff of  0.05 to the values... 
Comparing communications on a single object 

Comparing communications on a single object 

Comparing communications on a single object 

Applying a cutoff of  0.05 to the values... 
Applying a cutoff of  0.05 to the values... 
Applying a cutoff of  0.05 to the values... 
Applying a cutoff of  0.05 to the values... 
Applying a cutoff of  0.05 to the values... 
Applying a cutoff of  0.05 to the values... 
Applying a cutoff of  0.05 to the values... 
Applying a cutoff of  0.05 to the values... 
Applying a cutoff of  0.05 to the values... 
Applying a cutoff of  0.05 to the values... 
Applying a cutoff of  0.05 to the values... 
Applying a cutoff of  0.05 to the values... 
Applying a cutoff of  0.05 to the values... 
Applying a cutoff of  0.05 to the values... 
Applying a cutoff of  0.05 to the values... 
Applying a cutoff of  0.05 to the values... 
Applying a cutoff of  0.05 to the values... 
Applying a cutoff of  0.05 to the values... 
Applying a cutoff of  0.05 to the values... 
Applying a cutoff of  0.05 to the values... 
Applying a cutoff of  0.05 to the values... 
[04:14:25]   requested GRN_SORT1 (GRN): in_db=TRUE tested=TRUE significant_pairs=25 pathway_significant=TRUE 
Comparing communications on a single object 

Comparing communications on a single object 

Comparing communications on a single object 

Applying a cutoff of  0.05 to the values... 
Applying a cutoff of  0.05 to the values... 
Applying a cutoff of  0.05 to the values... 
Applying a cutoff of  0.05 to the values... 
Applying a cutoff of  0.05 to the values... 
Applying a cutoff of  0.05 to the values... 
Applying a cutoff of  0.05 to the values... 
Applying a cutoff of  0.05 to the values... 
Applying a cutoff of  0.05 to the values... 
Applying a cutoff of  0.05 to the values... 
Applying a cutoff of  0.05 to the values... 
Applying a cutoff of  0.05 to the values... 
Applying a cutoff of  0.05 to the values... 
Applying a cutoff of  0.05 to the values... 
Applying a cutoff of  0.05 to the values... 
Applying a cutoff of  0.05 to the values... 
Applying a cutoff of  0.05 to the values... 
Applying a cutoff of  0.05 to the values... 
Applying a cutoff of  0.05 to the values... 
Applying a cutoff of  0.05 to the values... 
Applying a cutoff of  0.05 to the values... 
[04:14:46]   requested ANXA1_FPR1 (ANNEXIN): in_db=TRUE tested=TRUE significant_pairs=10 pathway_significant=TRUE 
Comparing communications on a single object 

Comparing communications on a single object 

Comparing communications on a single object 

Applying a cutoff of  0.05 to the values... 
Applying a cutoff of  0.05 to the values... 
Applying a cutoff of  0.05 to the values... 
Applying a cutoff of  0.05 to the values... 
Applying a cutoff of  0.05 to the values... 
Applying a cutoff of  0.05 to the values... 
Applying a cutoff of  0.05 to the values... 
Applying a cutoff of  0.05 to the values... 
Applying a cutoff of  0.05 to the values... 
Applying a cutoff of  0.05 to the values... 
Applying a cutoff of  0.05 to the values... 
Applying a cutoff of  0.05 to the values... 
Applying a cutoff of  0.05 to the values... 
Applying a cutoff of  0.05 to the values... 
Applying a cutoff of  0.05 to the values... 
Applying a cutoff of  0.05 to the values... 
Applying a cutoff of  0.05 to the values... 
Applying a cutoff of  0.05 to the values... 
Applying a cutoff of  0.05 to the values... 
Applying a cutoff of  0.05 to the values... 
Applying a cutoff of  0.05 to the values... 
[04:15:06] high: plots done 
Merge the following slots: 'data.signaling','images','net', 'netP','meta', 'idents', 'var.features' , 'DB', and 'LR'.
[04:15:21] [quant] comparison: low=270 links, high=398 links 
[04:15:21] merged: low -> high (positive change = higher in high) 
Do heatmap based on a merged object 

Do heatmap based on a merged object 

Do heatmap based on a merged object 

Do heatmap based on a merged object 

Do heatmap based on a merged object 

Do heatmap based on a merged object 

Signaling role analysis on the aggregated cell-cell communication network from all signaling pathways
Signaling role analysis on the aggregated cell-cell communication network from all signaling pathways
Signaling role analysis on the aggregated cell-cell communication network from all signaling pathways
Signaling role analysis on the aggregated cell-cell communication network from all signaling pathways
Signaling role analysis on the aggregated cell-cell communication network from all signaling pathways
Signaling role analysis on the aggregated cell-cell communication network from all signaling pathways
Visualizing differential outgoing and incoming signaling changes from low to high
The following `from` values were not present in `x`: -1
Visualizing differential outgoing and incoming signaling changes from low to high
The following `from` values were not present in `x`: -1
Visualizing differential outgoing and incoming signaling changes from low to high
The following `from` values were not present in `x`: -1
Visualizing differential outgoing and incoming signaling changes from low to high
The following `from` values were not present in `x`: 1, 2
The following `from` values were not present in `x`: -1
Visualizing differential outgoing and incoming signaling changes from low to high
The following `from` values were not present in `x`: 1, 2
The following `from` values were not present in `x`: -1
Visualizing differential outgoing and incoming signaling changes from low to high
The following `from` values were not present in `x`: 1, 2
The following `from` values were not present in `x`: -1
Visualizing differential outgoing and incoming signaling changes from low to high
The following `from` values were not present in `x`: 1
The following `from` values were not present in `x`: -1
Visualizing differential outgoing and incoming signaling changes from low to high
The following `from` values were not present in `x`: 1
The following `from` values were not present in `x`: -1
Visualizing differential outgoing and incoming signaling changes from low to high
The following `from` values were not present in `x`: 1
The following `from` values were not present in `x`: -1
Visualizing differential outgoing and incoming signaling changes from low to high
The following `from` values were not present in `x`: -1
Visualizing differential outgoing and incoming signaling changes from low to high
The following `from` values were not present in `x`: -1
Visualizing differential outgoing and incoming signaling changes from low to high
The following `from` values were not present in `x`: -1
Visualizing differential outgoing and incoming signaling changes from low to high
The following `from` values were not present in `x`: 2
The following `from` values were not present in `x`: -1
Visualizing differential outgoing and incoming signaling changes from low to high
The following `from` values were not present in `x`: 2
The following `from` values were not present in `x`: -1
Visualizing differential outgoing and incoming signaling changes from low to high
The following `from` values were not present in `x`: 2
The following `from` values were not present in `x`: -1
Visualizing differential outgoing and incoming signaling changes from low to high
The following `from` values were not present in `x`: 2
Visualizing differential outgoing and incoming signaling changes from low to high
The following `from` values were not present in `x`: 2
Visualizing differential outgoing and incoming signaling changes from low to high
The following `from` values were not present in `x`: 2
Visualizing differential outgoing and incoming signaling changes from low to high
Visualizing differential outgoing and incoming signaling changes from low to high
Visualizing differential outgoing and incoming signaling changes from low to high
Visualizing differential outgoing and incoming signaling changes from low to high
The following `from` values were not present in `x`: 2
The following `from` values were not present in `x`: -1
Visualizing differential outgoing and incoming signaling changes from low to high
The following `from` values were not present in `x`: 2
The following `from` values were not present in `x`: -1
Visualizing differential outgoing and incoming signaling changes from low to high
The following `from` values were not present in `x`: 2
The following `from` values were not present in `x`: -1
Visualizing differential outgoing and incoming signaling changes from low to high
The following `from` values were not present in `x`: 2
The following `from` values were not present in `x`: 1
Visualizing differential outgoing and incoming signaling changes from low to high
The following `from` values were not present in `x`: 2
The following `from` values were not present in `x`: 1
Visualizing differential outgoing and incoming signaling changes from low to high
The following `from` values were not present in `x`: 2
The following `from` values were not present in `x`: 1
Compute signaling network similarity for datasets 1 2 
Manifold learning of the signaling networks for datasets 1 2 
Classification learning of the signaling networks for datasets 1 2 
2D visualization of signaling networks from datasets 1 2 
2D visualization of signaling networks from datasets 1 2 
2D visualization of signaling networks from datasets 1 2 
Compute the distance of signaling networks between datasets 1 2 
Compute the distance of signaling networks between datasets 1 2 
Compute the distance of signaling networks between datasets 1 2 
Compute signaling network similarity for datasets 1 2 
Manifold learning of the signaling networks for datasets 1 2 
Classification learning of the signaling networks for datasets 1 2 
2D visualization of signaling networks from datasets 1 2 
2D visualization of signaling networks from datasets 1 2 
2D visualization of signaling networks from datasets 1 2 
Compute the distance of signaling networks between datasets 1 2 
Compute the distance of signaling networks between datasets 1 2 
Compute the distance of signaling networks between datasets 1 2 
Comparing communications on a merged object 

Comparing communications on a merged object 

Comparing communications on a merged object 

Comparing communications on a merged object 

Comparing communications on a merged object 

Comparing communications on a merged object 

Comparing communications on a merged object 

Comparing communications on a merged object 

Comparing communications on a merged object 

Use the joint cell labels from the merged CellChat object
[04:15:55] DEA: 170 up / 65 down LR pairs in high 
Comparing communications on a merged object 

Comparing communications on a merged object 

Comparing communications on a merged object 

Comparing communications on a merged object 

Comparing communications on a merged object 

Comparing communications on a merged object 

  [plot-fail] chord_up (png): Maybe your `gap.degree` is too large so that there is no space to
allocate sectors.
  [plot-fail] chord_up (pdf): Maybe your `gap.degree` is too large so that there is no space to
allocate sectors.
  [plot-fail] chord_up (svg): Maybe your `gap.degree` is too large so that there is no space to
allocate sectors.
Warning: Default search for "data" layer in "RNA" assay yielded no results; utilizing "counts" layer instead.
The default behaviour of split.by has changed.
Separate violin plots are now plotted side-by-side.
To restore the old behaviour of a single split violin,
set split.plot = TRUE.
      
This message will be shown once per session.
Scale for y is already present.
Adding another scale for y, which will replace the existing scale.
Warning: Default search for "data" layer in "RNA" assay yielded no results; utilizing "counts" layer instead.
Scale for y is already present.
Adding another scale for y, which will replace the existing scale.
Warning: Default search for "data" layer in "RNA" assay yielded no results; utilizing "counts" layer instead.
Scale for y is already present.
Adding another scale for y, which will replace the existing scale.
Warning: Default search for "data" layer in "RNA" assay yielded no results; utilizing "counts" layer instead.
Scale for y is already present.
Adding another scale for y, which will replace the existing scale.
Warning: Default search for "data" layer in "RNA" assay yielded no results; utilizing "counts" layer instead.
Scale for y is already present.
Adding another scale for y, which will replace the existing scale.
Warning: Default search for "data" layer in "RNA" assay yielded no results; utilizing "counts" layer instead.
Scale for y is already present.
Adding another scale for y, which will replace the existing scale.
Warning: Default search for "data" layer in "RNA" assay yielded no results; utilizing "counts" layer instead.
Scale for y is already present.
Adding another scale for y, which will replace the existing scale.
Warning: Default search for "data" layer in "RNA" assay yielded no results; utilizing "counts" layer instead.
Scale for y is already present.
Adding another scale for y, which will replace the existing scale.
Warning: Default search for "data" layer in "RNA" assay yielded no results; utilizing "counts" layer instead.
Scale for y is already present.
Adding another scale for y, which will replace the existing scale.
Warning: Default search for "data" layer in "RNA" assay yielded no results; utilizing "counts" layer instead.
Scale for y is already present.
Adding another scale for y, which will replace the existing scale.
Warning: Default search for "data" layer in "RNA" assay yielded no results; utilizing "counts" layer instead.
Scale for y is already present.
Adding another scale for y, which will replace the existing scale.
Warning: Default search for "data" layer in "RNA" assay yielded no results; utilizing "counts" layer instead.
Scale for y is already present.
Adding another scale for y, which will replace the existing scale.
[04:16:10] wrote 1596 plots (x png/pdf/svg) under results/comparators/cellchat/GBM/default/plots 
[04:16:10] === plotting done === 
